TrainingID,EmployeeID,TrainingType,DateCompleted,Score,Status,CertificateURL
201,1001,Phishing Simulation,2024-08-07,74.7,Completed,https://dummycert.com/cert/201
202,1001,Cybersecurity Awareness,2025-03-31,57.8,Failed,
203,1002,Advanced SOC Policy,2024-09-18,75.0,Completed,https://dummycert.com/cert/203
204,1002,Cybersecurity Awareness,2025-05-20,49.1,Failed,
205,1003,Phishing Simulation,2024-09-12,73.3,Completed,https://dummycert.com/cert/205
206,1004,Cybersecurity Awareness,2024-09-12,76.9,Completed,https://dummycert.com/cert/206
207,1004,Cybersecurity Awareness,2024-12-11,74.1,Completed,https://dummycert.com/cert/207
208,1004,Phishing Simulation,2024-12-29,53.5,Failed,
209,1004,Data Protection,2025-02-07,36.7,Failed,
210,1005,Cybersecurity Awareness,2024-10-16,83.6,Completed,https://dummycert.com/cert/210
211,1005,Cybersecurity Awareness,2025-03-25,38.5,Failed,
212,1005,Advanced SOC Policy,2025-05-09,97.1,Completed,https://dummycert.com/cert/212
213,1006,Phishing Simulation,2024-08-29,39.6,Failed,
214,1006,Advanced SOC Policy,2024-11-03,35.8,Failed,
215,1006,Cybersecurity Awareness,2025-01-16,55.6,Failed,
216,1006,Cybersecurity Awareness,2025-03-15,89.5,Completed,https://dummycert.com/cert/216
217,1007,Phishing Simulation,2024-09-29,97.0,Completed,https://dummycert.com/cert/217
218,1007,Phishing Simulation,2025-01-06,36.1,Failed,
219,1007,Cybersecurity Awareness,2025-04-08,52.0,Failed,
220,1007,Cybersecurity Awareness,2025-06-17,38.9,Failed,
221,1008,Cybersecurity Awareness,2024-11-26,62.0,Completed,https://dummycert.com/cert/221
222,1008,Phishing Simulation,2025-03-19,40.4,Failed,
223,1008,Cybersecurity Awareness,2025-05-20,75.0,Completed,https://dummycert.com/cert/223
224,1008,Cybersecurity Awareness,2025-07-02,55.1,Failed,
225,1009,Cybersecurity Awareness,2024-09-20,73.1,Completed,https://dummycert.com/cert/225
226,1009,Phishing Simulation,2025-04-03,77.2,Completed,https://dummycert.com/cert/226
227,1010,Phishing Simulation,2024-12-08,82.4,Completed,https://dummycert.com/cert/227
228,1011,Cybersecurity Awareness,2024-08-01,63.2,Completed,https://dummycert.com/cert/228
229,1011,Cybersecurity Awareness,2024-11-05,74.6,Completed,https://dummycert.com/cert/229
230,1012,Cybersecurity Awareness,2024-09-30,81.0,Completed,https://dummycert.com/cert/230
231,1012,Phishing Simulation,2025-06-04,45.6,Failed,
232,1012,Data Protection,2025-06-09,69.0,Completed,https://dummycert.com/cert/232
233,1013,Phishing Simulation,2024-09-05,91.8,Completed,https://dummycert.com/cert/233
234,1013,Phishing Simulation,2024-09-26,42.7,Failed,
235,1013,Advanced SOC Policy,2025-01-09,56.8,Failed,
236,1014,Phishing Simulation,2024-08-04,72.5,Completed,https://dummycert.com/cert/236
237,1014,Cybersecurity Awareness,2024-11-14,64.6,Completed,https://dummycert.com/cert/237
238,1014,Cybersecurity Awareness,2024-11-19,67.5,Completed,https://dummycert.com/cert/238
239,1014,Phishing Simulation,2025-03-28,58.9,Failed,
240,1015,Phishing Simulation,2024-08-24,49.8,Failed,
241,1015,Cybersecurity Awareness,2025-04-22,37.9,Failed,
242,1015,Advanced SOC Policy,2025-06-13,50.9,Failed,
243,1016,Data Protection,2024-09-17,90.7,Completed,https://dummycert.com/cert/243
244,1016,Phishing Simulation,2024-10-02,94.4,Completed,https://dummycert.com/cert/244
245,1016,Phishing Simulation,2025-01-05,62.3,Completed,https://dummycert.com/cert/245
246,1016,Cybersecurity Awareness,2025-01-15,62.1,Completed,https://dummycert.com/cert/246
247,1017,Cybersecurity Awareness,2024-08-11,67.6,Completed,https://dummycert.com/cert/247
248,1017,Advanced SOC Policy,2024-11-18,46.7,Failed,
249,1017,Advanced SOC Policy,2025-04-21,98.8,Completed,https://dummycert.com/cert/249
250,1018,Cybersecurity Awareness,2024-08-07,71.0,Completed,https://dummycert.com/cert/250
251,1018,Cybersecurity Awareness,2024-11-24,48.0,Failed,
252,1018,Phishing Simulation,2024-12-09,54.8,Failed,
253,1018,Phishing Simulation,2025-02-26,65.2,Completed,https://dummycert.com/cert/253
254,1019,Cybersecurity Awareness,2024-09-18,61.7,Completed,https://dummycert.com/cert/254
255,1019,Cybersecurity Awareness,2024-10-11,57.5,Failed,
256,1019,Advanced SOC Policy,2024-11-05,92.0,Completed,https://dummycert.com/cert/256
257,1019,Data Protection,2025-04-08,35.1,Failed,
258,1020,Data Protection,2024-08-25,62.3,Completed,https://dummycert.com/cert/258
259,1020,Data Protection,2024-10-16,98.2,Completed,https://dummycert.com/cert/259
260,1020,Cybersecurity Awareness,2024-12-07,53.2,Failed,
261,1020,Cybersecurity Awareness,2025-03-31,50.0,Failed,
262,1021,Phishing Simulation,2024-08-15,67.9,Completed,https://dummycert.com/cert/262
263,1021,Phishing Simulation,2025-01-09,60.6,Completed,https://dummycert.com/cert/263
264,1021,Phishing Simulation,2025-02-22,39.0,Failed,
265,1021,Phishing Simulation,2025-06-26,43.5,Failed,
266,1022,Phishing Simulation,2024-11-13,82.8,Completed,https://dummycert.com/cert/266
267,1022,Cybersecurity Awareness,2024-12-11,52.7,Failed,
268,1022,Cybersecurity Awareness,2025-01-20,48.2,Failed,
269,1023,Cybersecurity Awareness,2024-09-20,64.2,Completed,https://dummycert.com/cert/269
270,1024,Cybersecurity Awareness,2024-09-02,85.1,Completed,https://dummycert.com/cert/270
271,1024,Cybersecurity Awareness,2025-01-27,65.1,Completed,https://dummycert.com/cert/271
272,1024,Advanced SOC Policy,2025-04-03,40.9,Failed,
273,1025,Cybersecurity Awareness,2025-05-07,89.3,Completed,https://dummycert.com/cert/273
274,1025,Cybersecurity Awareness,2025-06-24,40.9,Failed,
275,1025,Cybersecurity Awareness,2025-06-28,58.1,Failed,
276,1026,Cybersecurity Awareness,2025-06-14,88.3,Completed,https://dummycert.com/cert/276
277,1027,Advanced SOC Policy,2024-07-18,71.1,Completed,https://dummycert.com/cert/277
278,1027,Phishing Simulation,2025-01-26,41.2,Failed,
279,1028,Cybersecurity Awareness,2024-09-12,39.0,Failed,
280,1029,Advanced SOC Policy,2024-09-07,59.2,Failed,
281,1029,Phishing Simulation,2024-10-12,76.9,Completed,https://dummycert.com/cert/281
282,1030,Cybersecurity Awareness,2024-07-14,77.0,Completed,https://dummycert.com/cert/282
283,1030,Advanced SOC Policy,2024-08-05,41.0,Failed,
284,1030,Advanced SOC Policy,2024-08-10,87.6,Completed,https://dummycert.com/cert/284
285,1031,Data Protection,2024-07-24,38.3,Failed,
286,1032,Phishing Simulation,2024-07-18,46.2,Failed,
287,1032,Cybersecurity Awareness,2025-01-14,47.2,Failed,
288,1032,Cybersecurity Awareness,2025-01-21,92.4,Completed,https://dummycert.com/cert/288
289,1032,Cybersecurity Awareness,2025-03-14,75.2,Completed,https://dummycert.com/cert/289
290,1033,Cybersecurity Awareness,2024-12-01,92.4,Completed,https://dummycert.com/cert/290
291,1033,Cybersecurity Awareness,2025-05-30,40.7,Failed,
292,1034,Advanced SOC Policy,2024-09-11,69.2,Completed,https://dummycert.com/cert/292
293,1034,Phishing Simulation,2024-10-13,87.1,Completed,https://dummycert.com/cert/293
294,1034,Phishing Simulation,2025-02-02,99.3,Completed,https://dummycert.com/cert/294
295,1034,Phishing Simulation,2025-05-28,58.3,Failed,
296,1035,Cybersecurity Awareness,2024-12-14,46.7,Failed,
297,1035,Cybersecurity Awareness,2024-12-26,49.2,Failed,
298,1035,Advanced SOC Policy,2025-03-17,85.6,Completed,https://dummycert.com/cert/298
299,1035,Cybersecurity Awareness,2025-04-18,99.4,Completed,https://dummycert.com/cert/299
300,1036,Cybersecurity Awareness,2024-09-22,77.7,Completed,https://dummycert.com/cert/300
301,1036,Cybersecurity Awareness,2024-10-30,88.1,Completed,https://dummycert.com/cert/301
302,1036,Advanced SOC Policy,2025-04-28,38.6,Failed,
303,1037,Cybersecurity Awareness,2025-01-17,89.5,Completed,https://dummycert.com/cert/303
304,1037,Advanced SOC Policy,2025-04-23,46.4,Failed,
305,1038,Cybersecurity Awareness,2025-01-02,80.5,Completed,https://dummycert.com/cert/305
306,1038,Data Protection,2025-05-01,71.6,Completed,https://dummycert.com/cert/306
307,1038,Phishing Simulation,2025-06-25,47.2,Failed,
308,1039,Cybersecurity Awareness,2024-09-30,38.7,Failed,
309,1039,Phishing Simulation,2024-12-08,36.3,Failed,
310,1039,Cybersecurity Awareness,2025-03-11,56.6,Failed,
311,1039,Phishing Simulation,2025-04-06,87.4,Completed,https://dummycert.com/cert/311
312,1040,Cybersecurity Awareness,2024-08-02,73.1,Completed,https://dummycert.com/cert/312
313,1040,Advanced SOC Policy,2024-10-01,85.3,Completed,https://dummycert.com/cert/313
314,1040,Advanced SOC Policy,2024-12-15,90.9,Completed,https://dummycert.com/cert/314
315,1041,Phishing Simulation,2025-01-10,78.0,Completed,https://dummycert.com/cert/315
316,1042,Cybersecurity Awareness,2024-12-22,43.9,Failed,
317,1043,Data Protection,2025-02-11,77.2,Completed,https://dummycert.com/cert/317
318,1043,Cybersecurity Awareness,2025-05-26,98.0,Completed,https://dummycert.com/cert/318
319,1044,Advanced SOC Policy,2024-10-25,59.6,Failed,
320,1044,Phishing Simulation,2025-04-30,54.1,Failed,
321,1044,Cybersecurity Awareness,2025-06-08,35.1,Failed,
322,1045,Cybersecurity Awareness,2024-07-19,87.6,Completed,https://dummycert.com/cert/322
323,1045,Phishing Simulation,2024-10-04,76.6,Completed,https://dummycert.com/cert/323
324,1045,Cybersecurity Awareness,2025-04-19,67.3,Completed,https://dummycert.com/cert/324
325,1045,Cybersecurity Awareness,2025-05-07,40.1,Failed,
326,1046,Advanced SOC Policy,2024-09-26,40.8,Failed,
327,1046,Phishing Simulation,2024-12-13,76.5,Completed,https://dummycert.com/cert/327
328,1046,Advanced SOC Policy,2025-05-24,64.0,Completed,https://dummycert.com/cert/328
329,1047,Cybersecurity Awareness,2024-10-18,51.7,Failed,
330,1047,Cybersecurity Awareness,2024-11-07,35.1,Failed,
331,1047,Cybersecurity Awareness,2025-06-22,82.6,Completed,https://dummycert.com/cert/331
332,1048,Advanced SOC Policy,2025-01-30,57.8,Failed,
333,1048,Cybersecurity Awareness,2025-03-12,88.9,Completed,https://dummycert.com/cert/333
334,1049,Cybersecurity Awareness,2024-09-24,90.0,Completed,https://dummycert.com/cert/334
335,1049,Cybersecurity Awareness,2025-02-19,55.7,Failed,
336,1050,Cybersecurity Awareness,2024-08-09,92.7,Completed,https://dummycert.com/cert/336
337,1051,Data Protection,2024-08-10,98.6,Completed,https://dummycert.com/cert/337
338,1051,Cybersecurity Awareness,2025-04-09,99.0,Completed,https://dummycert.com/cert/338
339,1052,Cybersecurity Awareness,2024-07-18,92.8,Completed,https://dummycert.com/cert/339
340,1052,Cybersecurity Awareness,2025-02-08,41.6,Failed,
341,1052,Cybersecurity Awareness,2025-06-02,47.3,Failed,
342,1052,Phishing Simulation,2025-06-28,81.9,Completed,https://dummycert.com/cert/342
343,1053,Cybersecurity Awareness,2024-11-24,38.2,Failed,
344,1053,Phishing Simulation,2024-12-02,89.6,Completed,https://dummycert.com/cert/344
345,1053,Cybersecurity Awareness,2025-06-06,58.5,Failed,
346,1054,Phishing Simulation,2024-08-16,48.0,Failed,
347,1054,Cybersecurity Awareness,2024-11-30,46.1,Failed,
348,1054,Cybersecurity Awareness,2025-05-19,40.3,Failed,
349,1054,Advanced SOC Policy,2025-06-06,55.0,Failed,
350,1055,Cybersecurity Awareness,2024-11-15,70.4,Completed,https://dummycert.com/cert/350
351,1055,Cybersecurity Awareness,2025-03-01,92.6,Completed,https://dummycert.com/cert/351
352,1055,Cybersecurity Awareness,2025-03-10,64.0,Completed,https://dummycert.com/cert/352
353,1055,Cybersecurity Awareness,2025-06-06,65.2,Completed,https://dummycert.com/cert/353
354,1056,Cybersecurity Awareness,2024-11-17,83.9,Completed,https://dummycert.com/cert/354
355,1056,Phishing Simulation,2025-04-17,40.6,Failed,
356,1057,Cybersecurity Awareness,2025-01-30,39.0,Failed,
357,1057,Cybersecurity Awareness,2025-04-06,69.0,Completed,https://dummycert.com/cert/357
358,1057,Data Protection,2025-04-30,79.7,Completed,https://dummycert.com/cert/358
359,1058,Cybersecurity Awareness,2024-10-31,93.7,Completed,https://dummycert.com/cert/359
360,1058,Phishing Simulation,2024-12-03,67.6,Completed,https://dummycert.com/cert/360
361,1058,Advanced SOC Policy,2025-03-03,87.0,Completed,https://dummycert.com/cert/361
362,1058,Phishing Simulation,2025-04-22,75.3,Completed,https://dummycert.com/cert/362
363,1059,Cybersecurity Awareness,2025-02-17,99.0,Completed,https://dummycert.com/cert/363
364,1060,Cybersecurity Awareness,2024-09-05,40.1,Failed,
365,1060,Phishing Simulation,2024-10-09,48.1,Failed,
366,1061,Cybersecurity Awareness,2024-11-12,82.3,Completed,https://dummycert.com/cert/366
367,1061,Advanced SOC Policy,2025-05-03,40.7,Failed,
368,1062,Cybersecurity Awareness,2024-11-21,91.8,Completed,https://dummycert.com/cert/368
369,1062,Phishing Simulation,2024-12-16,75.5,Completed,https://dummycert.com/cert/369
370,1062,Cybersecurity Awareness,2025-03-26,62.3,Completed,https://dummycert.com/cert/370
371,1062,Cybersecurity Awareness,2025-04-11,44.6,Failed,
372,1063,Phishing Simulation,2024-08-26,41.6,Failed,
373,1064,Cybersecurity Awareness,2024-12-26,77.6,Completed,https://dummycert.com/cert/373
374,1064,Phishing Simulation,2025-01-29,65.7,Completed,https://dummycert.com/cert/374
375,1064,Cybersecurity Awareness,2025-04-03,61.2,Completed,https://dummycert.com/cert/375
376,1065,Cybersecurity Awareness,2024-07-22,83.5,Completed,https://dummycert.com/cert/376
377,1065,Data Protection,2024-12-19,93.3,Completed,https://dummycert.com/cert/377
378,1065,Cybersecurity Awareness,2025-01-21,88.1,Completed,https://dummycert.com/cert/378
379,1065,Cybersecurity Awareness,2025-06-21,53.2,Failed,
380,1066,Cybersecurity Awareness,2024-08-22,98.3,Completed,https://dummycert.com/cert/380
381,1066,Cybersecurity Awareness,2024-10-27,88.7,Completed,https://dummycert.com/cert/381
382,1066,Cybersecurity Awareness,2025-06-18,62.1,Completed,https://dummycert.com/cert/382
383,1066,Phishing Simulation,2025-06-24,47.2,Failed,
384,1067,Phishing Simulation,2025-01-27,91.4,Completed,https://dummycert.com/cert/384
385,1067,Advanced SOC Policy,2025-03-08,68.5,Completed,https://dummycert.com/cert/385
386,1068,Phishing Simulation,2024-08-05,61.2,Completed,https://dummycert.com/cert/386
387,1068,Phishing Simulation,2024-12-09,69.1,Completed,https://dummycert.com/cert/387
388,1069,Cybersecurity Awareness,2024-09-29,89.1,Completed,https://dummycert.com/cert/388
389,1070,Cybersecurity Awareness,2024-11-07,38.3,Failed,
390,1071,Cybersecurity Awareness,2024-10-12,65.2,Completed,https://dummycert.com/cert/390
391,1071,Cybersecurity Awareness,2024-11-20,95.0,Completed,https://dummycert.com/cert/391
392,1071,Phishing Simulation,2025-06-28,50.7,Failed,
393,1072,Phishing Simulation,2024-10-01,57.7,Failed,
394,1072,Cybersecurity Awareness,2025-02-16,93.1,Completed,https://dummycert.com/cert/394
395,1072,Phishing Simulation,2025-03-02,79.8,Completed,https://dummycert.com/cert/395
396,1072,Cybersecurity Awareness,2025-05-03,60.1,Completed,https://dummycert.com/cert/396
397,1073,Advanced SOC Policy,2024-10-20,77.1,Completed,https://dummycert.com/cert/397
398,1073,Phishing Simulation,2025-04-21,52.5,Failed,
399,1074,Cybersecurity Awareness,2024-07-07,43.6,Failed,
400,1074,Cybersecurity Awareness,2024-07-13,87.1,Completed,https://dummycert.com/cert/400
401,1074,Cybersecurity Awareness,2025-03-22,74.5,Completed,https://dummycert.com/cert/401
402,1074,Data Protection,2025-06-17,81.3,Completed,https://dummycert.com/cert/402
403,1075,Cybersecurity Awareness,2024-12-28,49.2,Failed,
404,1075,Cybersecurity Awareness,2025-01-11,68.8,Completed,https://dummycert.com/cert/404
405,1075,Phishing Simulation,2025-02-04,73.0,Completed,https://dummycert.com/cert/405
406,1076,Data Protection,2025-03-21,97.8,Completed,https://dummycert.com/cert/406
407,1077,Phishing Simulation,2025-04-16,54.4,Failed,
408,1077,Cybersecurity Awareness,2025-05-03,39.1,Failed,
409,1077,Data Protection,2025-05-30,76.6,Completed,https://dummycert.com/cert/409
410,1078,Data Protection,2024-11-13,77.3,Completed,https://dummycert.com/cert/410
411,1078,Cybersecurity Awareness,2025-06-03,68.6,Completed,https://dummycert.com/cert/411
412,1078,Cybersecurity Awareness,2025-07-02,38.7,Failed,
413,1079,Phishing Simulation,2024-09-12,77.6,Completed,https://dummycert.com/cert/413
414,1079,Data Protection,2024-12-13,51.9,Failed,
415,1079,Cybersecurity Awareness,2025-06-06,60.2,Completed,https://dummycert.com/cert/415
416,1079,Cybersecurity Awareness,2025-06-16,81.0,Completed,https://dummycert.com/cert/416
417,1080,Cybersecurity Awareness,2024-12-25,69.8,Completed,https://dummycert.com/cert/417
418,1080,Phishing Simulation,2025-07-03,93.9,Completed,https://dummycert.com/cert/418
419,1081,Advanced SOC Policy,2024-09-28,92.0,Completed,https://dummycert.com/cert/419
420,1081,Cybersecurity Awareness,2024-12-03,41.3,Failed,
421,1081,Cybersecurity Awareness,2025-03-19,51.8,Failed,
422,1082,Phishing Simulation,2024-12-21,49.4,Failed,
423,1082,Cybersecurity Awareness,2025-06-16,91.6,Completed,https://dummycert.com/cert/423
424,1083,Cybersecurity Awareness,2024-11-13,90.3,Completed,https://dummycert.com/cert/424
425,1083,Cybersecurity Awareness,2024-12-19,91.3,Completed,https://dummycert.com/cert/425
426,1083,Phishing Simulation,2025-01-09,96.4,Completed,https://dummycert.com/cert/426
427,1083,Cybersecurity Awareness,2025-04-28,92.8,Completed,https://dummycert.com/cert/427
428,1084,Cybersecurity Awareness,2025-06-16,54.4,Failed,
429,1085,Cybersecurity Awareness,2024-09-18,48.0,Failed,
430,1086,Advanced SOC Policy,2024-09-14,46.7,Failed,
431,1086,Cybersecurity Awareness,2024-12-11,56.6,Failed,
432,1086,Data Protection,2025-02-22,55.4,Failed,
433,1086,Cybersecurity Awareness,2025-04-20,64.4,Completed,https://dummycert.com/cert/433
434,1087,Phishing Simulation,2024-09-27,66.8,Completed,https://dummycert.com/cert/434
435,1087,Phishing Simulation,2025-04-24,40.7,Failed,
436,1088,Data Protection,2025-01-25,59.9,Failed,
437,1088,Cybersecurity Awareness,2025-02-07,48.0,Failed,
438,1088,Cybersecurity Awareness,2025-02-07,35.9,Failed,
439,1088,Cybersecurity Awareness,2025-05-23,89.2,Completed,https://dummycert.com/cert/439
440,1089,Cybersecurity Awareness,2024-07-12,82.7,Completed,https://dummycert.com/cert/440
441,1089,Cybersecurity Awareness,2025-06-14,92.0,Completed,https://dummycert.com/cert/441
442,1090,Cybersecurity Awareness,2024-08-24,54.9,Failed,
443,1090,Cybersecurity Awareness,2024-09-07,38.0,Failed,
444,1090,Data Protection,2025-01-15,64.6,Completed,https://dummycert.com/cert/444
445,1091,Cybersecurity Awareness,2024-09-09,93.6,Completed,https://dummycert.com/cert/445
446,1091,Cybersecurity Awareness,2025-02-10,47.2,Failed,
447,1091,Data Protection,2025-06-19,94.7,Completed,https://dummycert.com/cert/447
448,1092,Cybersecurity Awareness,2024-07-12,36.4,Failed,
449,1092,Cybersecurity Awareness,2024-09-08,43.0,Failed,
450,1092,Phishing Simulation,2024-10-25,86.5,Completed,https://dummycert.com/cert/450
451,1092,Cybersecurity Awareness,2024-10-27,76.6,Completed,https://dummycert.com/cert/451
452,1093,Data Protection,2025-05-03,78.0,Completed,https://dummycert.com/cert/452
453,1094,Phishing Simulation,2024-07-27,62.1,Completed,https://dummycert.com/cert/453
454,1095,Phishing Simulation,2024-09-04,48.4,Failed,
455,1095,Phishing Simulation,2024-11-09,35.6,Failed,
456,1095,Cybersecurity Awareness,2025-03-02,41.6,Failed,
457,1095,Cybersecurity Awareness,2025-04-09,75.5,Completed,https://dummycert.com/cert/457
458,1096,Cybersecurity Awareness,2024-08-25,75.2,Completed,https://dummycert.com/cert/458
459,1096,Cybersecurity Awareness,2025-02-02,86.0,Completed,https://dummycert.com/cert/459
460,1097,Advanced SOC Policy,2024-10-12,98.3,Completed,https://dummycert.com/cert/460
461,1097,Cybersecurity Awareness,2024-10-13,61.6,Completed,https://dummycert.com/cert/461
462,1097,Cybersecurity Awareness,2024-11-14,70.6,Completed,https://dummycert.com/cert/462
463,1097,Advanced SOC Policy,2025-05-10,79.7,Completed,https://dummycert.com/cert/463
464,1098,Phishing Simulation,2024-07-04,93.9,Completed,https://dummycert.com/cert/464
465,1098,Advanced SOC Policy,2024-07-09,78.5,Completed,https://dummycert.com/cert/465
466,1098,Cybersecurity Awareness,2024-10-31,40.9,Failed,
467,1098,Cybersecurity Awareness,2024-12-19,82.0,Completed,https://dummycert.com/cert/467
468,1099,Phishing Simulation,2024-11-11,64.7,Completed,https://dummycert.com/cert/468
469,1100,Cybersecurity Awareness,2024-07-28,46.4,Failed,
470,1100,Cybersecurity Awareness,2024-11-15,53.9,Failed,
471,1100,Advanced SOC Policy,2025-02-25,55.3,Failed,
472,1101,Advanced SOC Policy,2024-08-20,92.9,Completed,https://dummycert.com/cert/472
473,1102,Phishing Simulation,2024-09-11,46.1,Failed,
474,1103,Advanced SOC Policy,2024-11-17,41.0,Failed,
475,1103,Advanced SOC Policy,2025-02-12,46.9,Failed,
476,1103,Cybersecurity Awareness,2025-05-17,97.6,Completed,https://dummycert.com/cert/476
477,1104,Phishing Simulation,2025-01-16,77.2,Completed,https://dummycert.com/cert/477
478,1104,Phishing Simulation,2025-03-04,42.3,Failed,
479,1104,Phishing Simulation,2025-06-21,38.8,Failed,
480,1105,Advanced SOC Policy,2024-08-25,66.4,Completed,https://dummycert.com/cert/480
481,1105,Phishing Simulation,2025-02-01,63.5,Completed,https://dummycert.com/cert/481
482,1106,Advanced SOC Policy,2024-07-17,82.3,Completed,https://dummycert.com/cert/482
483,1106,Advanced SOC Policy,2025-01-02,66.4,Completed,https://dummycert.com/cert/483
484,1106,Cybersecurity Awareness,2025-05-12,92.7,Completed,https://dummycert.com/cert/484
485,1106,Cybersecurity Awareness,2025-06-18,39.1,Failed,
486,1107,Cybersecurity Awareness,2024-07-09,83.3,Completed,https://dummycert.com/cert/486
487,1107,Phishing Simulation,2025-06-15,49.6,Failed,
488,1107,Data Protection,2025-06-28,91.8,Completed,https://dummycert.com/cert/488
489,1108,Phishing Simulation,2025-02-09,51.2,Failed,
490,1109,Cybersecurity Awareness,2025-05-27,89.5,Completed,https://dummycert.com/cert/490
491,1109,Phishing Simulation,2025-06-07,99.2,Completed,https://dummycert.com/cert/491
492,1109,Cybersecurity Awareness,2025-06-14,76.8,Completed,https://dummycert.com/cert/492
493,1110,Advanced SOC Policy,2025-02-28,91.5,Completed,https://dummycert.com/cert/493
494,1110,Cybersecurity Awareness,2025-03-18,67.0,Completed,https://dummycert.com/cert/494
495,1111,Cybersecurity Awareness,2024-11-22,49.5,Failed,
496,1111,Phishing Simulation,2024-12-19,61.2,Completed,https://dummycert.com/cert/496
497,1112,Cybersecurity Awareness,2024-08-12,72.2,Completed,https://dummycert.com/cert/497
498,1112,Cybersecurity Awareness,2025-02-23,67.4,Completed,https://dummycert.com/cert/498
499,1113,Cybersecurity Awareness,2024-09-01,61.2,Completed,https://dummycert.com/cert/499
500,1113,Cybersecurity Awareness,2025-03-14,70.7,Completed,https://dummycert.com/cert/500
501,1113,Advanced SOC Policy,2025-06-02,86.5,Completed,https://dummycert.com/cert/501
502,1114,Phishing Simulation,2024-10-16,64.7,Completed,https://dummycert.com/cert/502
503,1114,Cybersecurity Awareness,2025-03-20,88.6,Completed,https://dummycert.com/cert/503
504,1114,Advanced SOC Policy,2025-04-16,89.9,Completed,https://dummycert.com/cert/504
505,1115,Cybersecurity Awareness,2025-04-15,77.7,Completed,https://dummycert.com/cert/505
506,1115,Phishing Simulation,2025-05-06,42.4,Failed,
507,1115,Phishing Simulation,2025-05-16,49.4,Failed,
508,1116,Cybersecurity Awareness,2024-11-29,59.3,Failed,
509,1116,Cybersecurity Awareness,2024-12-31,93.3,Completed,https://dummycert.com/cert/509
510,1116,Cybersecurity Awareness,2025-05-23,88.4,Completed,https://dummycert.com/cert/510
511,1117,Cybersecurity Awareness,2024-08-26,95.5,Completed,https://dummycert.com/cert/511
512,1117,Cybersecurity Awareness,2024-10-11,64.7,Completed,https://dummycert.com/cert/512
513,1117,Phishing Simulation,2024-11-10,81.6,Completed,https://dummycert.com/cert/513
514,1117,Cybersecurity Awareness,2025-05-11,61.9,Completed,https://dummycert.com/cert/514
515,1118,Cybersecurity Awareness,2025-02-18,73.3,Completed,https://dummycert.com/cert/515
516,1119,Cybersecurity Awareness,2024-07-05,38.2,Failed,
517,1119,Data Protection,2025-03-15,89.5,Completed,https://dummycert.com/cert/517
518,1120,Cybersecurity Awareness,2024-10-01,88.0,Completed,https://dummycert.com/cert/518
519,1120,Cybersecurity Awareness,2025-03-20,77.7,Completed,https://dummycert.com/cert/519
520,1120,Phishing Simulation,2025-04-25,55.9,Failed,
521,1120,Advanced SOC Policy,2025-06-22,62.2,Completed,https://dummycert.com/cert/521
522,1121,Data Protection,2024-11-20,98.1,Completed,https://dummycert.com/cert/522
523,1121,Cybersecurity Awareness,2025-01-22,43.7,Failed,
524,1122,Advanced SOC Policy,2024-12-03,70.6,Completed,https://dummycert.com/cert/524
525,1122,Cybersecurity Awareness,2025-03-22,82.9,Completed,https://dummycert.com/cert/525
526,1122,Phishing Simulation,2025-05-07,49.1,Failed,
527,1122,Cybersecurity Awareness,2025-06-26,81.4,Completed,https://dummycert.com/cert/527
528,1123,Phishing Simulation,2024-09-08,97.3,Completed,https://dummycert.com/cert/528
529,1123,Cybersecurity Awareness,2025-06-12,80.1,Completed,https://dummycert.com/cert/529
530,1123,Cybersecurity Awareness,2025-07-01,42.5,Failed,
531,1124,Phishing Simulation,2025-03-05,78.4,Completed,https://dummycert.com/cert/531
532,1124,Cybersecurity Awareness,2025-04-16,83.6,Completed,https://dummycert.com/cert/532
533,1124,Advanced SOC Policy,2025-04-27,53.6,Failed,
534,1125,Cybersecurity Awareness,2024-07-09,38.4,Failed,
535,1125,Cybersecurity Awareness,2024-07-15,52.4,Failed,
536,1125,Phishing Simulation,2024-08-26,98.9,Completed,https://dummycert.com/cert/536
537,1125,Phishing Simulation,2025-03-27,44.5,Failed,
538,1126,Phishing Simulation,2025-06-21,48.3,Failed,
539,1127,Advanced SOC Policy,2025-01-02,41.7,Failed,
540,1128,Cybersecurity Awareness,2025-04-16,68.2,Completed,https://dummycert.com/cert/540
541,1128,Phishing Simulation,2025-05-30,80.2,Completed,https://dummycert.com/cert/541
542,1129,Cybersecurity Awareness,2025-01-14,97.2,Completed,https://dummycert.com/cert/542
543,1130,Phishing Simulation,2024-07-09,48.2,Failed,
544,1130,Advanced SOC Policy,2024-07-30,90.9,Completed,https://dummycert.com/cert/544
545,1130,Cybersecurity Awareness,2025-04-11,49.7,Failed,
546,1131,Cybersecurity Awareness,2025-04-08,82.1,Completed,https://dummycert.com/cert/546
547,1131,Cybersecurity Awareness,2025-04-30,64.2,Completed,https://dummycert.com/cert/547
548,1131,Data Protection,2025-05-07,39.8,Failed,
549,1132,Cybersecurity Awareness,2024-09-02,62.9,Completed,https://dummycert.com/cert/549
550,1132,Phishing Simulation,2025-03-23,43.5,Failed,
551,1133,Phishing Simulation,2024-07-05,45.1,Failed,
552,1133,Cybersecurity Awareness,2024-12-19,56.0,Failed,
553,1133,Cybersecurity Awareness,2025-02-26,95.6,Completed,https://dummycert.com/cert/553
554,1134,Cybersecurity Awareness,2025-03-11,86.0,Completed,https://dummycert.com/cert/554
555,1134,Cybersecurity Awareness,2025-04-10,49.3,Failed,
556,1134,Cybersecurity Awareness,2025-04-22,39.4,Failed,
557,1135,Cybersecurity Awareness,2025-01-31,41.0,Failed,
558,1135,Cybersecurity Awareness,2025-04-07,48.9,Failed,
559,1136,Cybersecurity Awareness,2024-11-30,83.9,Completed,https://dummycert.com/cert/559
560,1136,Cybersecurity Awareness,2024-12-19,99.8,Completed,https://dummycert.com/cert/560
561,1136,Advanced SOC Policy,2025-01-03,98.8,Completed,https://dummycert.com/cert/561
562,1137,Phishing Simulation,2024-08-30,64.0,Completed,https://dummycert.com/cert/562
563,1138,Advanced SOC Policy,2024-07-23,59.8,Failed,
564,1138,Phishing Simulation,2025-06-17,42.4,Failed,
565,1139,Advanced SOC Policy,2024-07-15,88.4,Completed,https://dummycert.com/cert/565
566,1139,Cybersecurity Awareness,2024-11-24,87.2,Completed,https://dummycert.com/cert/566
567,1139,Cybersecurity Awareness,2025-04-05,37.9,Failed,
568,1140,Cybersecurity Awareness,2024-12-14,41.2,Failed,
569,1140,Data Protection,2025-03-23,85.3,Completed,https://dummycert.com/cert/569
570,1141,Cybersecurity Awareness,2025-05-19,78.6,Completed,https://dummycert.com/cert/570
571,1142,Advanced SOC Policy,2025-02-05,48.4,Failed,
572,1142,Advanced SOC Policy,2025-06-18,92.1,Completed,https://dummycert.com/cert/572
573,1143,Cybersecurity Awareness,2024-08-08,81.6,Completed,https://dummycert.com/cert/573
574,1143,Cybersecurity Awareness,2024-09-19,39.8,Failed,
575,1143,Cybersecurity Awareness,2025-05-30,51.4,Failed,
576,1143,Cybersecurity Awareness,2025-06-19,88.4,Completed,https://dummycert.com/cert/576
577,1144,Phishing Simulation,2025-01-17,63.1,Completed,https://dummycert.com/cert/577
578,1144,Cybersecurity Awareness,2025-01-27,78.8,Completed,https://dummycert.com/cert/578
579,1144,Cybersecurity Awareness,2025-02-18,76.7,Completed,https://dummycert.com/cert/579
580,1145,Cybersecurity Awareness,2025-04-28,90.1,Completed,https://dummycert.com/cert/580
581,1146,Phishing Simulation,2024-08-26,54.6,Failed,
582,1146,Cybersecurity Awareness,2024-11-28,84.7,Completed,https://dummycert.com/cert/582
583,1146,Cybersecurity Awareness,2025-03-17,60.7,Completed,https://dummycert.com/cert/583
584,1147,Cybersecurity Awareness,2025-03-02,49.3,Failed,
585,1148,Cybersecurity Awareness,2024-09-14,92.7,Completed,https://dummycert.com/cert/585
586,1148,Data Protection,2024-12-01,91.4,Completed,https://dummycert.com/cert/586
587,1148,Phishing Simulation,2025-04-08,97.2,Completed,https://dummycert.com/cert/587
588,1148,Cybersecurity Awareness,2025-05-23,91.9,Completed,https://dummycert.com/cert/588
589,1149,Cybersecurity Awareness,2024-07-24,73.8,Completed,https://dummycert.com/cert/589
590,1149,Cybersecurity Awareness,2024-09-04,96.6,Completed,https://dummycert.com/cert/590
591,1150,Cybersecurity Awareness,2024-10-18,77.0,Completed,https://dummycert.com/cert/591
592,1150,Cybersecurity Awareness,2024-10-19,45.5,Failed,
593,1150,Cybersecurity Awareness,2024-12-26,89.3,Completed,https://dummycert.com/cert/593
594,1151,Phishing Simulation,2024-08-30,71.9,Completed,https://dummycert.com/cert/594
595,1151,Cybersecurity Awareness,2024-10-03,83.8,Completed,https://dummycert.com/cert/595
596,1152,Phishing Simulation,2024-08-09,51.3,Failed,
597,1152,Cybersecurity Awareness,2024-11-28,72.7,Completed,https://dummycert.com/cert/597
598,1152,Data Protection,2025-04-10,58.2,Failed,
599,1152,Phishing Simulation,2025-05-29,50.2,Failed,
600,1153,Cybersecurity Awareness,2024-08-07,64.3,Completed,https://dummycert.com/cert/600
601,1153,Phishing Simulation,2024-10-10,54.9,Failed,
602,1153,Phishing Simulation,2025-05-16,71.8,Completed,https://dummycert.com/cert/602
603,1154,Cybersecurity Awareness,2024-09-27,51.0,Failed,
604,1154,Cybersecurity Awareness,2024-12-11,83.1,Completed,https://dummycert.com/cert/604
605,1154,Cybersecurity Awareness,2025-02-07,89.6,Completed,https://dummycert.com/cert/605
606,1155,Advanced SOC Policy,2024-12-19,65.1,Completed,https://dummycert.com/cert/606
607,1155,Cybersecurity Awareness,2025-06-15,54.9,Failed,
608,1156,Phishing Simulation,2024-09-30,40.3,Failed,
609,1157,Cybersecurity Awareness,2024-09-12,92.6,Completed,https://dummycert.com/cert/609
610,1157,Cybersecurity Awareness,2024-10-11,39.9,Failed,
611,1157,Cybersecurity Awareness,2025-04-04,68.0,Completed,https://dummycert.com/cert/611
612,1158,Phishing Simulation,2025-04-26,85.0,Completed,https://dummycert.com/cert/612
613,1159,Cybersecurity Awareness,2024-07-21,93.1,Completed,https://dummycert.com/cert/613
614,1159,Cybersecurity Awareness,2025-04-11,77.5,Completed,https://dummycert.com/cert/614
615,1160,Cybersecurity Awareness,2025-01-06,85.2,Completed,https://dummycert.com/cert/615
616,1160,Phishing Simulation,2025-01-19,53.9,Failed,
617,1161,Cybersecurity Awareness,2024-08-18,35.7,Failed,
618,1161,Cybersecurity Awareness,2025-01-22,97.7,Completed,https://dummycert.com/cert/618
619,1161,Data Protection,2025-03-16,79.5,Completed,https://dummycert.com/cert/619
620,1161,Phishing Simulation,2025-03-21,44.1,Failed,
621,1162,Data Protection,2024-10-02,77.9,Completed,https://dummycert.com/cert/621
622,1162,Data Protection,2025-04-18,82.8,Completed,https://dummycert.com/cert/622
623,1163,Cybersecurity Awareness,2024-07-23,52.2,Failed,
624,1163,Cybersecurity Awareness,2024-10-23,78.5,Completed,https://dummycert.com/cert/624
625,1163,Cybersecurity Awareness,2025-01-02,86.4,Completed,https://dummycert.com/cert/625
626,1163,Cybersecurity Awareness,2025-03-09,94.7,Completed,https://dummycert.com/cert/626
627,1164,Data Protection,2024-07-23,56.1,Failed,
628,1165,Phishing Simulation,2024-11-14,59.5,Failed,
629,1165,Cybersecurity Awareness,2025-04-07,73.2,Completed,https://dummycert.com/cert/629
630,1165,Advanced SOC Policy,2025-04-25,40.1,Failed,
631,1166,Cybersecurity Awareness,2024-10-25,88.1,Completed,https://dummycert.com/cert/631
632,1166,Cybersecurity Awareness,2025-01-11,86.5,Completed,https://dummycert.com/cert/632
633,1166,Advanced SOC Policy,2025-03-24,35.4,Failed,
634,1167,Cybersecurity Awareness,2024-09-25,68.4,Completed,https://dummycert.com/cert/634
635,1167,Cybersecurity Awareness,2025-02-13,44.8,Failed,
636,1168,Phishing Simulation,2025-01-04,42.7,Failed,
637,1168,Cybersecurity Awareness,2025-05-07,87.7,Completed,https://dummycert.com/cert/637
638,1169,Phishing Simulation,2025-03-06,66.1,Completed,https://dummycert.com/cert/638
639,1170,Cybersecurity Awareness,2025-01-29,37.8,Failed,
640,1170,Phishing Simulation,2025-05-30,45.5,Failed,
641,1171,Cybersecurity Awareness,2025-04-22,45.8,Failed,
642,1172,Phishing Simulation,2025-01-26,71.6,Completed,https://dummycert.com/cert/642
643,1172,Cybersecurity Awareness,2025-03-24,81.8,Completed,https://dummycert.com/cert/643
644,1173,Phishing Simulation,2024-08-15,65.6,Completed,https://dummycert.com/cert/644
645,1173,Cybersecurity Awareness,2024-10-21,49.3,Failed,
646,1173,Cybersecurity Awareness,2025-02-17,44.3,Failed,
647,1174,Cybersecurity Awareness,2025-05-18,45.9,Failed,
648,1174,Phishing Simulation,2025-06-05,95.0,Completed,https://dummycert.com/cert/648
649,1175,Cybersecurity Awareness,2024-10-28,43.6,Failed,
650,1176,Cybersecurity Awareness,2024-10-14,94.1,Completed,https://dummycert.com/cert/650
651,1177,Cybersecurity Awareness,2024-08-21,75.0,Completed,https://dummycert.com/cert/651
652,1177,Cybersecurity Awareness,2024-09-17,86.0,Completed,https://dummycert.com/cert/652
653,1177,Cybersecurity Awareness,2024-10-01,42.6,Failed,
654,1177,Cybersecurity Awareness,2025-05-09,43.5,Failed,
655,1178,Phishing Simulation,2025-06-15,68.9,Completed,https://dummycert.com/cert/655
656,1179,Cybersecurity Awareness,2024-07-25,96.0,Completed,https://dummycert.com/cert/656
657,1179,Cybersecurity Awareness,2025-03-31,85.0,Completed,https://dummycert.com/cert/657
658,1179,Cybersecurity Awareness,2025-06-25,87.3,Completed,https://dummycert.com/cert/658
659,1180,Cybersecurity Awareness,2025-02-05,66.0,Completed,https://dummycert.com/cert/659
660,1181,Phishing Simulation,2024-08-14,70.3,Completed,https://dummycert.com/cert/660
661,1181,Cybersecurity Awareness,2024-11-25,35.4,Failed,
662,1182,Cybersecurity Awareness,2025-04-24,68.8,Completed,https://dummycert.com/cert/662
663,1183,Cybersecurity Awareness,2024-10-16,41.9,Failed,
664,1183,Cybersecurity Awareness,2024-12-11,73.0,Completed,https://dummycert.com/cert/664
665,1183,Cybersecurity Awareness,2025-06-03,69.8,Completed,https://dummycert.com/cert/665
666,1183,Phishing Simulation,2025-06-20,74.8,Completed,https://dummycert.com/cert/666
667,1184,Cybersecurity Awareness,2024-10-15,59.1,Failed,
668,1184,Phishing Simulation,2025-01-30,51.5,Failed,
669,1184,Cybersecurity Awareness,2025-04-11,57.4,Failed,
670,1184,Phishing Simulation,2025-04-14,82.8,Completed,https://dummycert.com/cert/670
671,1185,Cybersecurity Awareness,2024-10-28,80.5,Completed,https://dummycert.com/cert/671
672,1186,Cybersecurity Awareness,2024-08-23,86.1,Completed,https://dummycert.com/cert/672
673,1186,Advanced SOC Policy,2024-10-20,74.9,Completed,https://dummycert.com/cert/673
674,1187,Cybersecurity Awareness,2024-09-23,76.3,Completed,https://dummycert.com/cert/674
675,1188,Cybersecurity Awareness,2024-09-15,74.0,Completed,https://dummycert.com/cert/675
676,1189,Cybersecurity Awareness,2024-08-04,59.1,Failed,
677,1190,Data Protection,2025-01-15,61.0,Completed,https://dummycert.com/cert/677
678,1191,Data Protection,2024-08-01,88.3,Completed,https://dummycert.com/cert/678
679,1191,Phishing Simulation,2025-05-04,63.5,Completed,https://dummycert.com/cert/679
680,1191,Cybersecurity Awareness,2025-07-02,77.7,Completed,https://dummycert.com/cert/680
681,1192,Cybersecurity Awareness,2024-07-20,80.4,Completed,https://dummycert.com/cert/681
682,1192,Phishing Simulation,2024-10-10,78.8,Completed,https://dummycert.com/cert/682
683,1192,Cybersecurity Awareness,2025-05-05,77.6,Completed,https://dummycert.com/cert/683
684,1193,Phishing Simulation,2024-08-16,58.0,Failed,
685,1193,Cybersecurity Awareness,2024-11-21,73.1,Completed,https://dummycert.com/cert/685
686,1194,Cybersecurity Awareness,2025-06-28,40.9,Failed,
687,1195,Cybersecurity Awareness,2024-12-28,88.0,Completed,https://dummycert.com/cert/687
688,1195,Cybersecurity Awareness,2025-04-15,97.6,Completed,https://dummycert.com/cert/688
689,1195,Cybersecurity Awareness,2025-04-27,61.3,Completed,https://dummycert.com/cert/689
690,1196,Cybersecurity Awareness,2024-11-13,67.9,Completed,https://dummycert.com/cert/690
691,1197,Cybersecurity Awareness,2025-03-17,96.6,Completed,https://dummycert.com/cert/691
692,1198,Phishing Simulation,2024-11-08,97.8,Completed,https://dummycert.com/cert/692
693,1198,Phishing Simulation,2025-04-04,85.0,Completed,https://dummycert.com/cert/693
694,1198,Phishing Simulation,2025-04-23,97.5,Completed,https://dummycert.com/cert/694
695,1199,Cybersecurity Awareness,2024-07-17,51.8,Failed,
696,1199,Cybersecurity Awareness,2025-02-23,86.3,Completed,https://dummycert.com/cert/696
697,1199,Cybersecurity Awareness,2025-04-29,80.6,Completed,https://dummycert.com/cert/697
698,1199,Advanced SOC Policy,2025-06-16,61.8,Completed,https://dummycert.com/cert/698
699,1200,Phishing Simulation,2024-07-07,52.1,Failed,
700,1200,Cybersecurity Awareness,2025-03-24,60.9,Completed,https://dummycert.com/cert/700
701,1200,Phishing Simulation,2025-04-03,57.2,Failed,
702,1201,Cybersecurity Awareness,2024-12-10,93.1,Completed,https://dummycert.com/cert/702
703,1201,Cybersecurity Awareness,2025-03-03,96.6,Completed,https://dummycert.com/cert/703
704,1202,Cybersecurity Awareness,2024-10-13,50.7,Failed,
705,1202,Cybersecurity Awareness,2025-03-15,49.9,Failed,
706,1203,Cybersecurity Awareness,2025-01-01,41.9,Failed,
707,1203,Data Protection,2025-05-15,78.9,Completed,https://dummycert.com/cert/707
708,1204,Advanced SOC Policy,2024-07-06,59.1,Failed,
709,1204,Cybersecurity Awareness,2024-07-24,93.4,Completed,https://dummycert.com/cert/709
710,1204,Advanced SOC Policy,2025-04-06,72.3,Completed,https://dummycert.com/cert/710
711,1204,Cybersecurity Awareness,2025-05-13,46.9,Failed,
712,1205,Cybersecurity Awareness,2024-10-24,69.2,Completed,https://dummycert.com/cert/712
713,1205,Cybersecurity Awareness,2025-01-22,96.1,Completed,https://dummycert.com/cert/713
714,1205,Cybersecurity Awareness,2025-04-24,57.6,Failed,
715,1206,Phishing Simulation,2024-09-02,64.9,Completed,https://dummycert.com/cert/715
716,1206,Phishing Simulation,2025-02-22,35.8,Failed,
717,1207,Cybersecurity Awareness,2025-01-13,58.5,Failed,
718,1207,Advanced SOC Policy,2025-04-26,47.2,Failed,
719,1208,Data Protection,2024-11-01,57.3,Failed,
720,1208,Cybersecurity Awareness,2024-11-17,62.6,Completed,https://dummycert.com/cert/720
721,1208,Cybersecurity Awareness,2025-03-01,83.9,Completed,https://dummycert.com/cert/721
722,1209,Cybersecurity Awareness,2024-11-23,43.5,Failed,
723,1209,Phishing Simulation,2025-01-24,49.9,Failed,
724,1209,Cybersecurity Awareness,2025-02-18,52.5,Failed,
725,1210,Advanced SOC Policy,2025-02-09,47.7,Failed,
726,1210,Advanced SOC Policy,2025-04-13,83.0,Completed,https://dummycert.com/cert/726
727,1211,Cybersecurity Awareness,2024-07-07,93.1,Completed,https://dummycert.com/cert/727
728,1211,Phishing Simulation,2024-10-01,69.7,Completed,https://dummycert.com/cert/728
729,1211,Cybersecurity Awareness,2025-02-03,66.6,Completed,https://dummycert.com/cert/729
730,1211,Cybersecurity Awareness,2025-03-15,90.8,Completed,https://dummycert.com/cert/730
731,1212,Cybersecurity Awareness,2025-01-22,45.6,Failed,
732,1213,Advanced SOC Policy,2024-11-10,41.3,Failed,
733,1213,Phishing Simulation,2025-03-03,51.9,Failed,
734,1214,Cybersecurity Awareness,2024-11-11,61.8,Completed,https://dummycert.com/cert/734
735,1214,Cybersecurity Awareness,2025-04-14,79.2,Completed,https://dummycert.com/cert/735
736,1214,Phishing Simulation,2025-04-15,72.5,Completed,https://dummycert.com/cert/736
737,1215,Cybersecurity Awareness,2024-11-25,68.2,Completed,https://dummycert.com/cert/737
738,1215,Phishing Simulation,2024-12-31,64.1,Completed,https://dummycert.com/cert/738
739,1216,Phishing Simulation,2025-01-14,65.1,Completed,https://dummycert.com/cert/739
740,1217,Advanced SOC Policy,2024-09-26,56.9,Failed,
741,1217,Phishing Simulation,2025-05-26,72.2,Completed,https://dummycert.com/cert/741
742,1218,Cybersecurity Awareness,2024-08-12,49.8,Failed,
743,1219,Cybersecurity Awareness,2024-11-29,76.9,Completed,https://dummycert.com/cert/743
744,1219,Cybersecurity Awareness,2025-06-02,63.9,Completed,https://dummycert.com/cert/744
745,1219,Advanced SOC Policy,2025-07-01,58.6,Failed,
746,1220,Cybersecurity Awareness,2024-07-14,50.3,Failed,
747,1220,Cybersecurity Awareness,2024-09-26,83.4,Completed,https://dummycert.com/cert/747
748,1220,Phishing Simulation,2024-10-05,48.7,Failed,
749,1220,Cybersecurity Awareness,2025-01-30,41.2,Failed,
750,1221,Cybersecurity Awareness,2024-07-16,99.7,Completed,https://dummycert.com/cert/750
751,1221,Cybersecurity Awareness,2024-07-30,75.2,Completed,https://dummycert.com/cert/751
752,1221,Cybersecurity Awareness,2025-01-22,95.6,Completed,https://dummycert.com/cert/752
753,1221,Cybersecurity Awareness,2025-04-09,49.9,Failed,
754,1222,Cybersecurity Awareness,2024-09-05,89.5,Completed,https://dummycert.com/cert/754
755,1222,Cybersecurity Awareness,2025-02-14,78.1,Completed,https://dummycert.com/cert/755
756,1222,Advanced SOC Policy,2025-05-19,56.1,Failed,
757,1223,Cybersecurity Awareness,2024-11-19,98.0,Completed,https://dummycert.com/cert/757
758,1223,Phishing Simulation,2025-02-27,46.5,Failed,
759,1223,Phishing Simulation,2025-04-05,76.0,Completed,https://dummycert.com/cert/759
760,1223,Phishing Simulation,2025-04-09,71.7,Completed,https://dummycert.com/cert/760
761,1224,Cybersecurity Awareness,2024-12-27,40.8,Failed,
762,1224,Cybersecurity Awareness,2025-03-06,61.8,Completed,https://dummycert.com/cert/762
763,1224,Cybersecurity Awareness,2025-04-05,35.7,Failed,
764,1225,Cybersecurity Awareness,2024-11-26,35.5,Failed,
765,1225,Data Protection,2024-12-26,96.6,Completed,https://dummycert.com/cert/765
766,1226,Phishing Simulation,2024-07-07,86.8,Completed,https://dummycert.com/cert/766
767,1226,Cybersecurity Awareness,2024-11-29,47.3,Failed,
768,1226,Advanced SOC Policy,2024-12-03,63.4,Completed,https://dummycert.com/cert/768
769,1226,Cybersecurity Awareness,2025-02-08,81.5,Completed,https://dummycert.com/cert/769
770,1227,Cybersecurity Awareness,2024-08-12,50.6,Failed,
771,1227,Phishing Simulation,2024-10-23,94.1,Completed,https://dummycert.com/cert/771
772,1227,Advanced SOC Policy,2024-11-14,79.5,Completed,https://dummycert.com/cert/772
773,1227,Cybersecurity Awareness,2025-01-12,83.3,Completed,https://dummycert.com/cert/773
774,1228,Cybersecurity Awareness,2024-08-07,53.8,Failed,
775,1228,Phishing Simulation,2024-10-07,75.2,Completed,https://dummycert.com/cert/775
776,1228,Cybersecurity Awareness,2025-01-30,75.5,Completed,https://dummycert.com/cert/776
777,1229,Cybersecurity Awareness,2024-07-12,98.0,Completed,https://dummycert.com/cert/777
778,1229,Cybersecurity Awareness,2024-12-14,98.2,Completed,https://dummycert.com/cert/778
779,1230,Phishing Simulation,2024-09-05,50.1,Failed,
780,1230,Cybersecurity Awareness,2024-11-17,67.1,Completed,https://dummycert.com/cert/780
781,1230,Cybersecurity Awareness,2025-02-12,55.3,Failed,
782,1231,Cybersecurity Awareness,2024-07-19,89.8,Completed,https://dummycert.com/cert/782
783,1231,Data Protection,2025-01-09,38.6,Failed,
784,1231,Phishing Simulation,2025-02-25,39.6,Failed,
785,1231,Cybersecurity Awareness,2025-06-24,47.5,Failed,
786,1232,Data Protection,2024-07-09,81.5,Completed,https://dummycert.com/cert/786
787,1232,Cybersecurity Awareness,2024-09-03,98.4,Completed,https://dummycert.com/cert/787
788,1232,Cybersecurity Awareness,2025-01-14,99.6,Completed,https://dummycert.com/cert/788
789,1233,Cybersecurity Awareness,2024-08-20,98.8,Completed,https://dummycert.com/cert/789
790,1233,Cybersecurity Awareness,2025-02-23,79.3,Completed,https://dummycert.com/cert/790
791,1234,Phishing Simulation,2024-09-22,83.4,Completed,https://dummycert.com/cert/791
792,1234,Cybersecurity Awareness,2024-12-15,42.9,Failed,
793,1234,Cybersecurity Awareness,2025-05-21,54.4,Failed,
794,1235,Data Protection,2024-07-29,50.3,Failed,
795,1235,Cybersecurity Awareness,2024-10-22,36.0,Failed,
796,1235,Phishing Simulation,2025-06-09,73.0,Completed,https://dummycert.com/cert/796
797,1236,Phishing Simulation,2024-07-07,65.9,Completed,https://dummycert.com/cert/797
798,1236,Phishing Simulation,2024-07-24,59.1,Failed,
799,1236,Cybersecurity Awareness,2024-11-04,45.3,Failed,
800,1236,Cybersecurity Awareness,2025-04-26,75.2,Completed,https://dummycert.com/cert/800
801,1237,Cybersecurity Awareness,2024-08-02,45.0,Failed,
802,1238,Cybersecurity Awareness,2024-09-05,55.6,Failed,
803,1239,Phishing Simulation,2024-07-13,58.3,Failed,
804,1239,Cybersecurity Awareness,2024-10-09,93.4,Completed,https://dummycert.com/cert/804
805,1239,Cybersecurity Awareness,2025-02-12,63.4,Completed,https://dummycert.com/cert/805
806,1240,Cybersecurity Awareness,2025-03-10,47.1,Failed,
807,1240,Cybersecurity Awareness,2025-04-06,82.6,Completed,https://dummycert.com/cert/807
808,1240,Cybersecurity Awareness,2025-06-24,89.0,Completed,https://dummycert.com/cert/808
809,1241,Cybersecurity Awareness,2024-08-07,54.2,Failed,
810,1241,Cybersecurity Awareness,2025-03-31,58.9,Failed,
811,1242,Cybersecurity Awareness,2025-05-25,82.7,Completed,https://dummycert.com/cert/811
812,1243,Advanced SOC Policy,2025-05-16,85.4,Completed,https://dummycert.com/cert/812
813,1244,Phishing Simulation,2024-08-04,70.0,Completed,https://dummycert.com/cert/813
814,1244,Cybersecurity Awareness,2024-12-14,69.1,Completed,https://dummycert.com/cert/814
815,1245,Cybersecurity Awareness,2024-09-19,76.7,Completed,https://dummycert.com/cert/815
816,1245,Cybersecurity Awareness,2024-11-24,69.0,Completed,https://dummycert.com/cert/816
817,1245,Cybersecurity Awareness,2025-04-11,89.3,Completed,https://dummycert.com/cert/817
818,1245,Cybersecurity Awareness,2025-05-12,91.8,Completed,https://dummycert.com/cert/818
819,1246,Cybersecurity Awareness,2024-08-26,37.1,Failed,
820,1246,Phishing Simulation,2025-03-08,60.3,Completed,https://dummycert.com/cert/820
821,1247,Cybersecurity Awareness,2025-03-29,58.8,Failed,
822,1247,Phishing Simulation,2025-05-01,39.6,Failed,
823,1247,Data Protection,2025-05-18,48.6,Failed,
824,1247,Cybersecurity Awareness,2025-06-27,92.8,Completed,https://dummycert.com/cert/824
825,1248,Advanced SOC Policy,2025-02-27,38.9,Failed,
826,1249,Cybersecurity Awareness,2024-08-01,37.6,Failed,
827,1249,Cybersecurity Awareness,2025-01-07,54.8,Failed,
828,1249,Data Protection,2025-05-14,97.4,Completed,https://dummycert.com/cert/828
829,1249,Cybersecurity Awareness,2025-06-30,82.1,Completed,https://dummycert.com/cert/829
830,1250,Cybersecurity Awareness,2024-10-08,75.6,Completed,https://dummycert.com/cert/830
831,1250,Cybersecurity Awareness,2024-10-09,83.7,Completed,https://dummycert.com/cert/831
832,1250,Cybersecurity Awareness,2025-03-29,41.9,Failed,
833,1250,Phishing Simulation,2025-06-04,58.3,Failed,
834,1251,Cybersecurity Awareness,2024-08-25,46.7,Failed,
835,1251,Cybersecurity Awareness,2025-02-06,56.9,Failed,
836,1251,Cybersecurity Awareness,2025-06-08,99.9,Completed,https://dummycert.com/cert/836
837,1251,Cybersecurity Awareness,2025-06-27,57.9,Failed,
838,1252,Cybersecurity Awareness,2024-12-16,76.2,Completed,https://dummycert.com/cert/838
839,1252,Advanced SOC Policy,2025-01-09,56.0,Failed,
840,1252,Cybersecurity Awareness,2025-04-10,70.5,Completed,https://dummycert.com/cert/840
841,1253,Cybersecurity Awareness,2024-11-10,60.8,Completed,https://dummycert.com/cert/841
842,1253,Phishing Simulation,2025-01-03,98.9,Completed,https://dummycert.com/cert/842
843,1253,Phishing Simulation,2025-02-19,68.6,Completed,https://dummycert.com/cert/843
844,1253,Data Protection,2025-04-10,54.6,Failed,
845,1254,Cybersecurity Awareness,2024-10-20,88.4,Completed,https://dummycert.com/cert/845
846,1254,Phishing Simulation,2024-10-24,52.9,Failed,
847,1254,Phishing Simulation,2024-12-11,71.2,Completed,https://dummycert.com/cert/847
848,1255,Cybersecurity Awareness,2024-07-22,45.1,Failed,
849,1255,Cybersecurity Awareness,2024-08-20,92.8,Completed,https://dummycert.com/cert/849
850,1256,Advanced SOC Policy,2024-10-30,41.0,Failed,
851,1256,Cybersecurity Awareness,2024-11-11,94.7,Completed,https://dummycert.com/cert/851
852,1257,Phishing Simulation,2024-12-16,46.2,Failed,
853,1258,Phishing Simulation,2025-05-03,37.4,Failed,
854,1259,Advanced SOC Policy,2024-07-31,63.2,Completed,https://dummycert.com/cert/854
855,1259,Data Protection,2024-08-12,42.8,Failed,
856,1259,Phishing Simulation,2024-12-21,83.6,Completed,https://dummycert.com/cert/856
857,1259,Advanced SOC Policy,2024-12-28,95.4,Completed,https://dummycert.com/cert/857
858,1260,Cybersecurity Awareness,2024-07-24,71.7,Completed,https://dummycert.com/cert/858
859,1260,Cybersecurity Awareness,2024-07-30,80.4,Completed,https://dummycert.com/cert/859
860,1260,Cybersecurity Awareness,2024-12-06,78.8,Completed,https://dummycert.com/cert/860
861,1260,Data Protection,2025-03-28,98.1,Completed,https://dummycert.com/cert/861
862,1261,Cybersecurity Awareness,2024-10-24,86.1,Completed,https://dummycert.com/cert/862
863,1262,Cybersecurity Awareness,2024-09-08,72.1,Completed,https://dummycert.com/cert/863
864,1262,Cybersecurity Awareness,2024-12-22,60.9,Completed,https://dummycert.com/cert/864
865,1263,Cybersecurity Awareness,2025-01-23,85.3,Completed,https://dummycert.com/cert/865
866,1264,Phishing Simulation,2024-09-10,66.7,Completed,https://dummycert.com/cert/866
867,1264,Phishing Simulation,2025-03-06,47.7,Failed,
868,1265,Cybersecurity Awareness,2024-08-08,63.0,Completed,https://dummycert.com/cert/868
869,1265,Phishing Simulation,2024-11-04,72.4,Completed,https://dummycert.com/cert/869
870,1266,Cybersecurity Awareness,2025-06-11,58.7,Failed,
871,1267,Phishing Simulation,2024-12-14,36.6,Failed,
872,1267,Cybersecurity Awareness,2024-12-26,99.2,Completed,https://dummycert.com/cert/872
873,1268,Data Protection,2024-07-25,50.2,Failed,
874,1268,Phishing Simulation,2024-09-15,45.1,Failed,
875,1268,Phishing Simulation,2025-02-13,40.6,Failed,
876,1268,Phishing Simulation,2025-05-18,50.8,Failed,
877,1269,Cybersecurity Awareness,2024-07-10,87.3,Completed,https://dummycert.com/cert/877
878,1269,Cybersecurity Awareness,2024-11-27,65.6,Completed,https://dummycert.com/cert/878
879,1270,Cybersecurity Awareness,2024-10-18,69.0,Completed,https://dummycert.com/cert/879
880,1270,Cybersecurity Awareness,2024-10-19,66.4,Completed,https://dummycert.com/cert/880
881,1270,Phishing Simulation,2025-04-04,44.2,Failed,
882,1271,Phishing Simulation,2025-01-11,78.1,Completed,https://dummycert.com/cert/882
883,1272,Cybersecurity Awareness,2024-11-10,53.5,Failed,
884,1273,Data Protection,2024-07-30,39.3,Failed,
885,1273,Phishing Simulation,2025-02-26,78.1,Completed,https://dummycert.com/cert/885
886,1273,Advanced SOC Policy,2025-06-03,58.4,Failed,
887,1274,Cybersecurity Awareness,2024-07-12,92.4,Completed,https://dummycert.com/cert/887
888,1275,Cybersecurity Awareness,2024-10-29,55.5,Failed,
889,1275,Advanced SOC Policy,2025-01-13,69.6,Completed,https://dummycert.com/cert/889
890,1275,Cybersecurity Awareness,2025-03-20,67.5,Completed,https://dummycert.com/cert/890
891,1275,Cybersecurity Awareness,2025-07-01,95.2,Completed,https://dummycert.com/cert/891
892,1276,Cybersecurity Awareness,2024-07-23,69.4,Completed,https://dummycert.com/cert/892
893,1277,Cybersecurity Awareness,2024-09-21,79.5,Completed,https://dummycert.com/cert/893
894,1277,Cybersecurity Awareness,2025-01-20,54.7,Failed,
895,1277,Data Protection,2025-03-10,98.6,Completed,https://dummycert.com/cert/895
896,1278,Advanced SOC Policy,2024-08-03,92.9,Completed,https://dummycert.com/cert/896
897,1278,Advanced SOC Policy,2024-11-11,36.9,Failed,
898,1278,Phishing Simulation,2025-05-19,53.2,Failed,
899,1279,Phishing Simulation,2024-12-24,40.7,Failed,
900,1279,Cybersecurity Awareness,2025-01-20,97.4,Completed,https://dummycert.com/cert/900
901,1280,Phishing Simulation,2024-11-03,62.7,Completed,https://dummycert.com/cert/901
902,1280,Cybersecurity Awareness,2025-02-01,74.3,Completed,https://dummycert.com/cert/902
903,1281,Cybersecurity Awareness,2024-09-08,70.2,Completed,https://dummycert.com/cert/903
904,1281,Advanced SOC Policy,2024-10-16,91.1,Completed,https://dummycert.com/cert/904
905,1281,Cybersecurity Awareness,2025-04-06,80.8,Completed,https://dummycert.com/cert/905
906,1281,Cybersecurity Awareness,2025-06-02,43.8,Failed,
907,1282,Advanced SOC Policy,2025-04-18,55.6,Failed,
908,1282,Phishing Simulation,2025-06-03,96.7,Completed,https://dummycert.com/cert/908
909,1283,Cybersecurity Awareness,2024-10-05,92.2,Completed,https://dummycert.com/cert/909
910,1284,Advanced SOC Policy,2024-12-13,61.9,Completed,https://dummycert.com/cert/910
911,1285,Cybersecurity Awareness,2024-11-20,47.2,Failed,
912,1285,Cybersecurity Awareness,2024-12-05,36.7,Failed,
913,1285,Data Protection,2025-02-14,75.1,Completed,https://dummycert.com/cert/913
914,1285,Phishing Simulation,2025-05-25,74.8,Completed,https://dummycert.com/cert/914
915,1286,Cybersecurity Awareness,2024-10-29,40.2,Failed,
916,1286,Phishing Simulation,2025-06-19,43.7,Failed,
917,1287,Advanced SOC Policy,2024-10-05,66.9,Completed,https://dummycert.com/cert/917
918,1287,Cybersecurity Awareness,2025-01-10,47.6,Failed,
919,1287,Cybersecurity Awareness,2025-05-31,84.7,Completed,https://dummycert.com/cert/919
920,1287,Cybersecurity Awareness,2025-07-02,52.5,Failed,
921,1288,Cybersecurity Awareness,2024-10-14,95.3,Completed,https://dummycert.com/cert/921
922,1288,Data Protection,2024-10-15,91.4,Completed,https://dummycert.com/cert/922
923,1288,Cybersecurity Awareness,2024-10-24,56.1,Failed,
924,1288,Cybersecurity Awareness,2025-06-11,51.0,Failed,
925,1289,Cybersecurity Awareness,2024-07-24,96.0,Completed,https://dummycert.com/cert/925
926,1289,Phishing Simulation,2024-12-10,69.9,Completed,https://dummycert.com/cert/926
927,1289,Phishing Simulation,2025-01-13,80.8,Completed,https://dummycert.com/cert/927
928,1289,Cybersecurity Awareness,2025-05-10,42.1,Failed,
929,1290,Cybersecurity Awareness,2024-07-24,82.8,Completed,https://dummycert.com/cert/929
930,1290,Phishing Simulation,2024-11-05,68.5,Completed,https://dummycert.com/cert/930
931,1290,Phishing Simulation,2025-03-25,38.2,Failed,
932,1290,Cybersecurity Awareness,2025-04-04,60.9,Completed,https://dummycert.com/cert/932
933,1291,Cybersecurity Awareness,2024-09-26,74.9,Completed,https://dummycert.com/cert/933
934,1291,Cybersecurity Awareness,2024-11-26,68.6,Completed,https://dummycert.com/cert/934
935,1291,Cybersecurity Awareness,2025-02-24,88.9,Completed,https://dummycert.com/cert/935
936,1292,Phishing Simulation,2024-08-18,96.0,Completed,https://dummycert.com/cert/936
937,1292,Phishing Simulation,2024-08-29,43.8,Failed,
938,1292,Cybersecurity Awareness,2024-10-03,64.3,Completed,https://dummycert.com/cert/938
939,1292,Cybersecurity Awareness,2025-03-16,73.4,Completed,https://dummycert.com/cert/939
940,1293,Cybersecurity Awareness,2024-08-18,80.0,Completed,https://dummycert.com/cert/940
941,1293,Advanced SOC Policy,2025-02-20,86.8,Completed,https://dummycert.com/cert/941
942,1294,Cybersecurity Awareness,2024-08-18,64.2,Completed,https://dummycert.com/cert/942
943,1295,Cybersecurity Awareness,2024-08-15,86.4,Completed,https://dummycert.com/cert/943
944,1295,Cybersecurity Awareness,2025-03-28,96.7,Completed,https://dummycert.com/cert/944
945,1295,Cybersecurity Awareness,2025-06-30,59.7,Failed,
946,1296,Advanced SOC Policy,2024-12-21,91.1,Completed,https://dummycert.com/cert/946
947,1296,Cybersecurity Awareness,2025-04-18,44.4,Failed,
948,1297,Cybersecurity Awareness,2025-02-02,82.5,Completed,https://dummycert.com/cert/948
949,1298,Advanced SOC Policy,2024-09-01,97.4,Completed,https://dummycert.com/cert/949
950,1298,Cybersecurity Awareness,2024-10-03,84.8,Completed,https://dummycert.com/cert/950
951,1298,Cybersecurity Awareness,2024-11-27,67.3,Completed,https://dummycert.com/cert/951
952,1298,Cybersecurity Awareness,2025-05-19,87.5,Completed,https://dummycert.com/cert/952
953,1299,Cybersecurity Awareness,2024-10-22,61.7,Completed,https://dummycert.com/cert/953
954,1299,Cybersecurity Awareness,2024-11-01,74.0,Completed,https://dummycert.com/cert/954
955,1299,Cybersecurity Awareness,2025-04-30,70.6,Completed,https://dummycert.com/cert/955
956,1299,Phishing Simulation,2025-06-05,71.2,Completed,https://dummycert.com/cert/956
957,1300,Cybersecurity Awareness,2024-07-28,77.5,Completed,https://dummycert.com/cert/957
958,1300,Cybersecurity Awareness,2024-10-05,90.5,Completed,https://dummycert.com/cert/958
