LogID,Timestamp,AgentID,EventType,ActionTaken,InputDataRef,DecisionConfidence,EscalatedToHuman,Outcome,BlockchainHash,Notes
20001,2025-05-13 17:03:53,AgentIC-Finance,Detected,Threat Mitigated,50569,0.942,False,Mitigated,7088ce4a7322176975f4c52535b982331f5b108e76c2940eb83aba249ca08064,Action Threat Mitigated with confidence 0.942.
20002,2024-12-29 17:03:53,AgentIC-1,Monitored,Threat Mitigated,10113,0.95,False,Escalated,b15d3e3430bad710cefe1d8b3280cd5e5faffa844719bdbb48d85caf97cf2052,Action Threat Mitigated with confidence 0.95.
20003,2025-05-19 17:03:53,AgentIC-2,Detected,Isolated Endpoint,10179,0.964,False,Escalated,1c9f31d28d9867de35fe79b7b13bb7a51b012991adce10c2fdaf2c5ff667c176,Action Isolated Endpoint with confidence 0.964.
20004,2024-10-28 17:03:53,AgentIC-HR,Responded,Isolated Endpoint,10198,0.93,True,Success,4614bc99f3f08f757c287dbde239014653220474858c12557d27555f50e435cf,Action Isolated Endpoint with confidence 0.93.
20005,2024-11-22 17:03:53,AgentIC-Finance,Responded,Isolated Endpoint,50403,0.871,False,Escalated,373410f90bbb8c2f9fc5db1d5ee65730aaab016deb99f950d396f12af4af951a,Action Isolated Endpoint with confidence 0.871.
20006,2024-07-13 17:03:53,AgentIC-2,Responded,Isolated Endpoint,51098,0.923,False,Success,e7abc92ec5a9bf30692d2730dad7d8a84265b3d328d9857b6fe2bb7db578037a,Action Isolated Endpoint with confidence 0.923.
20007,2025-02-07 17:03:53,AgentIC-1,Responded,Policy Updated,50406,0.919,False,Success,add7acd066c966991c52616d19d65e458aa4ffb5af20bca8996c9c80dbd07149,Action Policy Updated with confidence 0.919.
20008,2025-06-07 17:03:53,AgentIC-1,Detected,Threat Mitigated,50466,0.887,False,Mitigated,30029791abd7c8af5f67cc029b977f26c2e07caa74c33abe03315ad40eaadf42,Action Threat Mitigated with confidence 0.887.
20009,2024-11-22 17:03:53,AgentIC-2,Detected,Policy Updated,10186,0.796,False,Escalated,2eac6e89de88abe873906d3bf51c0ef866bd0247dca51aa29d73ebb920deaf07,Action Policy Updated with confidence 0.796.
20010,2024-07-16 17:03:53,AgentIC-1,Monitored,User Disabled,10123,0.778,False,Success,ff397806c90367e73d8300df4f87aa8f712ad0e3658ce91acbb6e328993e91f6,Action User Disabled with confidence 0.778.
20011,2024-12-11 17:03:53,AgentIC-HR,Monitored,Policy Updated,50193,0.766,False,Escalated,0c5a2e05b10c50edfeed564dba8db7f547dfdd9ccb204255a6d538597a40d268,Action Policy Updated with confidence 0.766.
20012,2024-11-19 17:03:53,AgentIC-Finance,Detected,Policy Updated,50812,0.725,False,Escalated,c60a2711df266caeae761da377370a207f990f72256b8cc893e2e2edfdf062d7,Action Policy Updated with confidence 0.725.
20013,2025-01-03 17:03:53,AgentIC-HR,Responded,Policy Updated,50270,0.926,False,Escalated,31f7b2cb1d04252f5fbe44fd176f17c1a74531297190cf30ccf2e575d8962c26,Action Policy Updated with confidence 0.926.
20014,2024-08-11 17:03:53,AgentIC-Finance,Monitored,Isolated Endpoint,50179,0.944,False,Escalated,cdb9109e548445860d69712b55b8e8d49fed4137b0d55b882ec2cc07ca38f2cf,Action Isolated Endpoint with confidence 0.944.
20015,2025-04-26 17:03:53,AgentIC-1,Detected,User Disabled,10116,0.872,True,Success,55361111f968d5abc22685a7bca4939c101ec85849df9acde77d4b4a9f8603a1,Action User Disabled with confidence 0.872.
20016,2025-03-29 17:03:53,AgentIC-Finance,Responded,Firewall Rule Set,50931,0.706,True,Mitigated,7abf41a77f2b9e2ffe46e2a19137abfc8a6df67ea87fc8ee5da1b05606a150db,Action Firewall Rule Set with confidence 0.706.
20017,2025-02-03 17:03:53,AgentIC-HR,Detected,Isolated Endpoint,10010,0.833,False,Escalated,ca5422323b9ee42a71093ac403847005693b768291d9c1c23d39c68f3bce5dda,Action Isolated Endpoint with confidence 0.833.
20018,2025-03-25 17:03:53,AgentIC-2,Detected,Firewall Rule Set,50990,0.899,True,Mitigated,e387c3ef65eb5be70e7472a103d970b9571f6c0e3e19c2631a99c5d95d8b126b,Action Firewall Rule Set with confidence 0.899.
20019,2025-03-06 17:03:53,AgentIC-1,Monitored,User Disabled,50376,0.823,False,Escalated,5b4afee34401a14123452bd71d8a39ab4625526b373bb78398022f32f18675ea,Action User Disabled with confidence 0.823.
20020,2025-06-01 17:03:53,AgentIC-Finance,Detected,Threat Mitigated,51049,0.852,False,Mitigated,22ae35c575b85324908ac51093aedfc686b34aa5ec321bdfb3eb6480bad6e9aa,Action Threat Mitigated with confidence 0.852.
20021,2024-12-23 17:03:53,AgentIC-2,Monitored,Isolated Endpoint,10174,0.816,True,Escalated,bb1e8d96c807ddd600ab3923cb644f11c8006fd439ff872d69a46f19557a9e8e,Action Isolated Endpoint with confidence 0.816.
20022,2025-02-05 17:03:53,AgentIC-2,Responded,User Disabled,51055,0.995,True,Escalated,4bc524ac2a098b53e2627e6a6e9b6a78d9a095d96c13da1a4a738c658ebc8128,Action User Disabled with confidence 0.995.
20023,2024-12-16 17:03:53,AgentIC-Finance,Detected,Isolated Endpoint,10147,0.948,False,Mitigated,0328b7cb529cace9ca4342bd8cc810b7bbf3f933e7312edc05fb34c0dfd0467a,Action Isolated Endpoint with confidence 0.948.
20024,2024-08-07 17:03:53,AgentIC-Finance,Monitored,Threat Mitigated,10109,0.863,False,Escalated,bac3520f57f85b40045c951f289d927dce651bf9c0d8f38914af15c7cc08a201,Action Threat Mitigated with confidence 0.863.
20025,2025-02-19 17:03:53,AgentIC-1,Responded,Policy Updated,10053,0.928,False,Success,24b557224018a22ca5d0debef7f65744dd4307df673cf0e0be7151d2c9b2644b,Action Policy Updated with confidence 0.928.
20026,2025-04-29 17:03:53,AgentIC-1,Responded,User Disabled,10208,0.929,False,Escalated,15db8511276f96f0f3881b7a522c6a4d868fc9cecd92e046efd6a6542229c23d,Action User Disabled with confidence 0.929.
20027,2024-08-18 17:03:53,AgentIC-2,Responded,Firewall Rule Set,50316,0.91,True,Success,1e7f53ead75c685ae0e6efdc114b35d0593a7216704675b13d275d24dee51226,Action Firewall Rule Set with confidence 0.91.
20028,2025-03-02 17:03:53,AgentIC-1,Responded,Firewall Rule Set,50867,0.883,True,Mitigated,56f97d9151fccb5a0fa6335f258f0bc2bcd3ca6ed9a1ae42d38c2dca5d8c1723,Action Firewall Rule Set with confidence 0.883.
20029,2025-05-04 17:03:53,AgentIC-Finance,Detected,Firewall Rule Set,10053,0.991,True,Escalated,c8a2007fc86d3b0a1ed5e4509cf254cfc441230081cd242af62e86a7ff976577,Action Firewall Rule Set with confidence 0.991.
20030,2024-11-06 17:03:53,AgentIC-Finance,Responded,Threat Mitigated,10178,0.784,False,Escalated,42c2abd257d44c74f06791e3ad7dd3d73b515805e777a42e83ac18a769b7ba3b,Action Threat Mitigated with confidence 0.784.
20031,2025-02-07 17:03:53,AgentIC-HR,Detected,Policy Updated,10154,0.884,False,Mitigated,927b3861b167d47ca37ddac7b30434466b966ba270e649343e2786ce87591aae,Action Policy Updated with confidence 0.884.
20032,2024-10-13 17:03:53,AgentIC-1,Responded,Isolated Endpoint,10156,0.987,False,Success,c21ab31cd838535ea44d58a2c563c0fdfefbc6b85a8326b192b6ed135cd1d77c,Action Isolated Endpoint with confidence 0.987.
20033,2025-04-21 17:03:53,AgentIC-Finance,Monitored,User Disabled,10208,0.934,False,Escalated,05c08f2dec3426947bbf35a06743d5186f4845cde8f7c61889c4fb3a7cf336f4,Action User Disabled with confidence 0.934.
20034,2024-08-15 17:03:53,AgentIC-HR,Monitored,Threat Mitigated,50849,0.85,True,Mitigated,da4a94ca34994cbb8ab26805fff3df5f1ae380af947e66d0c7b018ff7bc4b884,Action Threat Mitigated with confidence 0.85.
20035,2025-05-28 17:03:53,AgentIC-HR,Monitored,Isolated Endpoint,10170,0.803,False,Escalated,e5cfee3f06112a41ee10086fe015068d7f0fae5fbb436188ba68e533959d7742,Action Isolated Endpoint with confidence 0.803.
20036,2025-04-30 17:03:53,AgentIC-1,Detected,Policy Updated,10167,0.969,False,Escalated,dba64cc190dc94905ba4d41ae21b3ca6f6ad934fe16965ffaf7b24c9e92352ca,Action Policy Updated with confidence 0.969.
20037,2024-08-24 17:03:53,AgentIC-Finance,Detected,User Disabled,10115,0.842,False,Success,afb57b4031ca75c174d3706fa4bacd689bdf61ea3d6f458f7bf828e0e57f040a,Action User Disabled with confidence 0.842.
20038,2025-02-04 17:03:53,AgentIC-Finance,Detected,Policy Updated,10013,0.853,False,Success,30ea35f2d6e7dcd91b0402679558d5f1328a06eae1f6eb49fb6553eaf8e7bf16,Action Policy Updated with confidence 0.853.
20039,2025-03-30 17:03:53,AgentIC-1,Responded,User Disabled,10103,0.88,False,Escalated,6cce996d1d2bbedd0b114eae4c46a357e833380bcda558eafc36035572841009,Action User Disabled with confidence 0.88.
20040,2024-10-05 17:03:53,AgentIC-Finance,Responded,Threat Mitigated,10084,0.837,False,Escalated,fcfecbf1ce1d7dfea4166cee1f00956142db35a2cb2af07fe86246bdb227e4e0,Action Threat Mitigated with confidence 0.837.
20041,2025-06-10 17:03:53,AgentIC-Finance,Monitored,User Disabled,51325,0.889,True,Success,a0e21c4a1b7432723f87d29e22a371da6c57d6d4711ce91376ff60725b1c0320,Action User Disabled with confidence 0.889.
20042,2025-02-07 17:03:53,AgentIC-1,Responded,Threat Mitigated,50231,0.957,True,Mitigated,855cab11fa4e955d54437bee8f8d3668d226c30d747498bf865f0074de008ccd,Action Threat Mitigated with confidence 0.957.
20043,2025-01-31 17:03:53,AgentIC-HR,Detected,Firewall Rule Set,10143,0.951,True,Escalated,475d4e8828fc5fbc395612e27a40a6b3ebfb8a9d0a4297b068dfca8f984da622,Action Firewall Rule Set with confidence 0.951.
20044,2024-09-07 17:03:53,AgentIC-HR,Detected,User Disabled,50399,0.784,True,Mitigated,28494546c503238b59b40e9a7854cd10bb9026fd71a11e305e4c3f9dfc745ee5,Action User Disabled with confidence 0.784.
20045,2025-05-08 17:03:53,AgentIC-HR,Monitored,User Disabled,50519,0.998,False,Mitigated,1526b7f731eece51e7368121568f7bf6292e5081086b937eda2470aebad9c18e,Action User Disabled with confidence 0.998.
20046,2024-07-11 17:03:53,AgentIC-1,Detected,Firewall Rule Set,10189,0.789,False,Mitigated,66286aa66aeb23c6d68b2560c4338e5d7a4046c3e69c54fc72d743404a0e6fe3,Action Firewall Rule Set with confidence 0.789.
20047,2024-10-26 17:03:53,AgentIC-HR,Monitored,Firewall Rule Set,10150,0.986,False,Mitigated,cdedc2a5f7365c196ef4fd313e836a7f65804e4471a94c18f37afc7586158343,Action Firewall Rule Set with confidence 0.986.
20048,2024-11-12 17:03:53,AgentIC-1,Detected,Threat Mitigated,51168,0.821,False,Success,206a9b29a569defb2def2255bc7aa98bd18b61957be47ea4a211ed8397ef819c,Action Threat Mitigated with confidence 0.821.
20049,2024-11-12 17:03:53,AgentIC-HR,Monitored,Policy Updated,50271,0.772,False,Success,1922b0018a57fee6a71bb4bfd009496468bef43470778d6beaf652c437fe73d9,Action Policy Updated with confidence 0.772.
20050,2025-06-26 17:03:53,AgentIC-Finance,Detected,Isolated Endpoint,50456,0.776,True,Escalated,9b63f0c99495f0a604bd983fe0c3b15ba838aee5c99c125649d1989d24c25d47,Action Isolated Endpoint with confidence 0.776.
20051,2025-04-06 17:03:53,AgentIC-HR,Responded,Isolated Endpoint,10174,0.961,False,Mitigated,9d81225f09ffedfbfca6777d5cc5a661e83cfad1c7febaeb312dd81dbf55a9cb,Action Isolated Endpoint with confidence 0.961.
20052,2025-03-26 17:03:53,AgentIC-2,Detected,Isolated Endpoint,51168,0.998,True,Escalated,10064ab60df7afbb750a6c1681498e44e7837a6caf938a193ffdd3031701601d,Action Isolated Endpoint with confidence 0.998.
20053,2025-01-13 17:03:53,AgentIC-Finance,Monitored,Policy Updated,10106,0.987,True,Mitigated,e076c409ba19eb8b7ba0be462559fcf534a92e3f744a2cb6c1759667d2a8770c,Action Policy Updated with confidence 0.987.
20054,2024-07-27 17:03:53,AgentIC-HR,Responded,Policy Updated,51280,0.785,True,Success,e9ed10ca56c672854587e9dba3ccf6b19374a297260687b88bb4422e6993b2f9,Action Policy Updated with confidence 0.785.
20055,2025-01-14 17:03:53,AgentIC-Finance,Monitored,Policy Updated,10171,0.924,False,Success,67d44ea5051393dcdc6d625a249ee83f9bad74585b655264393915ec5d948cef,Action Policy Updated with confidence 0.924.
20056,2025-05-13 17:03:53,AgentIC-HR,Detected,User Disabled,10106,0.703,False,Mitigated,54684d042fc5d1d59fcd4d9fc0db5c9bb2e8178bb698f682fec4acdf521bf0a5,Action User Disabled with confidence 0.703.
20057,2024-08-14 17:03:53,AgentIC-HR,Monitored,Threat Mitigated,10105,0.967,False,Escalated,ade233458378103dea140f6a66ee80a06b398f6dd20f4c13244f3096773d296c,Action Threat Mitigated with confidence 0.967.
20058,2025-05-06 17:03:53,AgentIC-2,Monitored,Threat Mitigated,10203,0.764,False,Escalated,26ffeaec3899215625d0bdaaad86f3759169b61cfff39d0821ca723fa1bf6c02,Action Threat Mitigated with confidence 0.764.
20059,2025-03-09 17:03:53,AgentIC-HR,Monitored,Threat Mitigated,51455,0.835,True,Mitigated,30440e11baa90471e9c7e4af5f625a32f673d480365648d6834bf2011d0ad123,Action Threat Mitigated with confidence 0.835.
20060,2025-02-15 17:03:53,AgentIC-1,Responded,Firewall Rule Set,10064,0.715,False,Escalated,dc77685c4f1dad8ee72254ca2bdcf334bc1ab15e7e62fb45b0a3d6fe4d73b5a5,Action Firewall Rule Set with confidence 0.715.
20061,2024-11-11 17:03:53,AgentIC-1,Responded,User Disabled,10155,0.992,False,Success,e4d1e2040f448942694e246aa16180ea86866d2caac82b89d8fd79dcdbb4b99c,Action User Disabled with confidence 0.992.
20062,2024-09-25 17:03:53,AgentIC-2,Responded,Firewall Rule Set,10008,0.787,True,Escalated,cad9cee9df571f9667cb1db4cb8f77fc2eb0b61f7c08544f5efffe32aed0d907,Action Firewall Rule Set with confidence 0.787.
20063,2025-06-10 17:03:53,AgentIC-HR,Responded,User Disabled,10216,0.986,False,Escalated,a46b6526fcf9f87eb5583ac0c3ed8c55cc95d76b296014560fc7f40f222ceab3,Action User Disabled with confidence 0.986.
20064,2025-06-06 17:03:53,AgentIC-2,Detected,Isolated Endpoint,10188,0.765,True,Success,55f628bd04c367efe1c743dc2c02b4e7f493b910aebab2c62cda3015f84ee900,Action Isolated Endpoint with confidence 0.765.
20065,2024-10-20 17:03:53,AgentIC-HR,Responded,User Disabled,51114,0.74,False,Escalated,cd7c691b6c6cb6e4d6ef9aac7fb949075217af413d0aa2d598633ee06d43db59,Action User Disabled with confidence 0.74.
20066,2025-04-10 17:03:53,AgentIC-HR,Monitored,Isolated Endpoint,51375,0.789,False,Escalated,958f90a35ba9bf59268bc6b37c37b2a91a73dd171fb65586ba5029af4b792463,Action Isolated Endpoint with confidence 0.789.
20067,2025-06-30 17:03:53,AgentIC-2,Responded,Firewall Rule Set,10085,0.717,True,Success,8d1b0c6f68f2fd02d272cfcee8e33e416e7f6a870167784e5b7283974ed32727,Action Firewall Rule Set with confidence 0.717.
20068,2024-12-27 17:03:53,AgentIC-2,Detected,Threat Mitigated,50874,0.882,True,Escalated,7c9c36b5b88015032373b81f181660b1d1df8a025a76a9bb465e4a3b83399894,Action Threat Mitigated with confidence 0.882.
20069,2024-11-18 17:03:53,AgentIC-HR,Detected,Threat Mitigated,10212,0.894,False,Mitigated,83f45c1bd994a376177c966e3ef42dc4ec06c2afa487c03d4db3b89a7d19dc84,Action Threat Mitigated with confidence 0.894.
20070,2025-04-07 17:03:53,AgentIC-2,Detected,Firewall Rule Set,51350,0.774,True,Mitigated,f4c6d871d55fbab75075d33a40724afbdb3a78656e150d09347d0a1ed373042b,Action Firewall Rule Set with confidence 0.774.
20071,2025-05-19 17:03:53,AgentIC-HR,Responded,Firewall Rule Set,50882,0.992,True,Escalated,a08ad6a250b6357b2d0be17d35d9c3b8629de5c3d6e67b399be7b1408e736209,Action Firewall Rule Set with confidence 0.992.
20072,2025-06-01 17:03:53,AgentIC-Finance,Detected,Isolated Endpoint,50630,0.777,False,Success,7c1e0b54562d82572e6d473742aa0108c480767499eb9fd39803807194e93cfe,Action Isolated Endpoint with confidence 0.777.
20073,2024-12-17 17:03:53,AgentIC-2,Detected,User Disabled,51353,0.954,True,Success,1624dc2ba011db99502337c66f6d3299367e089387fd139a291f6d6c170153fb,Action User Disabled with confidence 0.954.
20074,2024-08-03 17:03:53,AgentIC-HR,Responded,Policy Updated,10051,0.722,False,Success,b0041bc03717a49047cededf22701da48118e90f34fc48ecad21b1ea7e38c43e,Action Policy Updated with confidence 0.722.
20075,2024-10-31 17:03:53,AgentIC-HR,Detected,Threat Mitigated,10196,0.989,True,Escalated,d3763572900d8aca0351e9684a740e3f211de9534b58aea7f04160922ac38b1c,Action Threat Mitigated with confidence 0.989.
20076,2024-12-25 17:03:53,AgentIC-1,Monitored,User Disabled,10133,0.763,True,Success,2cff72cca3db75205013106927a5c386d3c30e7aad1ac883c692327e38931e93,Action User Disabled with confidence 0.763.
20077,2024-12-07 17:03:53,AgentIC-2,Responded,Isolated Endpoint,50919,0.864,True,Mitigated,d286bb94a594d83c5cb8f67a38c58742f76d511392cc5806921674cc80062633,Action Isolated Endpoint with confidence 0.864.
20078,2025-03-17 17:03:53,AgentIC-HR,Detected,Policy Updated,51095,0.959,True,Mitigated,71f2d725745cc7c79d57162a89bb3d8545574d137f11f29dbf4de9ada1683dde,Action Policy Updated with confidence 0.959.
20079,2024-08-10 17:03:53,AgentIC-1,Monitored,Policy Updated,10106,0.932,False,Success,43f40ed9ceb4b217b5790a1903f49ea423f429dcc5f16b3c7cc6070bebb4f303,Action Policy Updated with confidence 0.932.
20080,2025-03-06 17:03:53,AgentIC-1,Monitored,Threat Mitigated,10200,0.845,True,Escalated,47790f5cbf37f3ef031e507e1ac0cb5598c0a3b6685763d56d6781efe70f236c,Action Threat Mitigated with confidence 0.845.
20081,2024-10-01 17:03:53,AgentIC-Finance,Detected,Isolated Endpoint,10091,0.991,True,Escalated,bea05c79efcef6c6082716edd469bff57a35bdb74ace558c27081ec269ce25b4,Action Isolated Endpoint with confidence 0.991.
20082,2024-08-14 17:03:53,AgentIC-Finance,Monitored,Firewall Rule Set,10089,0.918,True,Mitigated,d94384c2f3d46e2d80af927a19796ab406c914c4f7dcf5bab794d0b1d50a501a,Action Firewall Rule Set with confidence 0.918.
20083,2025-02-24 17:03:53,AgentIC-Finance,Responded,Threat Mitigated,51371,0.774,False,Success,ca3ed265bd10d8ffcce8077d3a950fde227d1816b7f0eea811e0a980b022fd86,Action Threat Mitigated with confidence 0.774.
20084,2025-01-27 17:03:53,AgentIC-1,Monitored,Policy Updated,10211,0.715,True,Escalated,9f8aa0544ae98fcdf42845cfb5293e78e4fa27082d0d144a76cb09360e0a66d9,Action Policy Updated with confidence 0.715.
20085,2024-11-10 17:03:53,AgentIC-1,Monitored,Isolated Endpoint,10082,0.861,True,Success,ee58c59c6825bc85335dd47ece1b11d5ccb52fa7991f96067d5a5241eecb08fd,Action Isolated Endpoint with confidence 0.861.
20086,2025-05-13 17:03:53,AgentIC-2,Detected,Firewall Rule Set,10206,0.904,False,Mitigated,48f5a59c992308df8af6da5929151672c59b45504a5a7d3f251d907482ad5936,Action Firewall Rule Set with confidence 0.904.
20087,2025-01-25 17:03:53,AgentIC-2,Monitored,Firewall Rule Set,51053,0.974,False,Escalated,ba3d4f8fea31b15701ff9b94e2da5d6cceb30437957abfcf34e50ea71dfe1d45,Action Firewall Rule Set with confidence 0.974.
20088,2025-01-28 17:03:53,AgentIC-Finance,Monitored,Firewall Rule Set,10169,0.745,False,Success,b90850a28dfcb6ac7a9c36cffeecc4dc71a4d10b9230cdfd80fe2223e23a0121,Action Firewall Rule Set with confidence 0.745.
20089,2025-05-15 17:03:53,AgentIC-Finance,Detected,Policy Updated,51418,0.912,True,Success,b0c16c5d58bc0e0a9073ddc0d6a877e850e05a44026cabebdaf955ab0ee73635,Action Policy Updated with confidence 0.912.
20090,2024-11-06 17:03:53,AgentIC-Finance,Monitored,Policy Updated,10034,0.979,False,Mitigated,c4e40186d49971ec96cab0cd07639998f5dbf3285cc6beeafead3431802c1ad2,Action Policy Updated with confidence 0.979.
20091,2024-12-08 17:03:53,AgentIC-Finance,Detected,Threat Mitigated,50110,0.846,False,Escalated,afa9f79cd9165e63b433c0949b3fb43671590123b1dab13f1498d28200cb945d,Action Threat Mitigated with confidence 0.846.
20092,2025-05-13 17:03:53,AgentIC-HR,Detected,Threat Mitigated,10044,0.879,False,Success,86e59248a5d6056b19d5a87c2d0b2c5eb751a9e4d7c684da07b89a11cbe20da1,Action Threat Mitigated with confidence 0.879.
20093,2025-04-10 17:03:53,AgentIC-Finance,Detected,Firewall Rule Set,10024,0.942,False,Success,a570b6205be175e1a305f65e93bf09cff3420977ac05bf93d04775b449c62ceb,Action Firewall Rule Set with confidence 0.942.
20094,2024-08-26 17:03:53,AgentIC-Finance,Monitored,Isolated Endpoint,10142,0.803,False,Success,be28ade98b3f39714609f725d9eec972514e03341bb934d9c2197bd798ae662d,Action Isolated Endpoint with confidence 0.803.
20095,2024-10-11 17:03:53,AgentIC-1,Detected,Threat Mitigated,10168,0.788,False,Escalated,5358bde5f50f901946ee3846818c39ec82d09f0e154500c5b22a8af1c233eb11,Action Threat Mitigated with confidence 0.788.
20096,2025-06-17 17:03:53,AgentIC-2,Detected,Firewall Rule Set,50463,0.903,False,Mitigated,2755b0dce79e59b6aabfe04cfec37ea8f5a571fd68ba1029cc53f5fd086bd410,Action Firewall Rule Set with confidence 0.903.
20097,2024-11-24 17:03:53,AgentIC-Finance,Monitored,Isolated Endpoint,10076,0.958,False,Escalated,b00b0fb93be3f0b6b7bedffc8696de8b6104c01ffe256fd32aa5fa02bdf13fcb,Action Isolated Endpoint with confidence 0.958.
20098,2024-09-16 17:03:53,AgentIC-2,Detected,Policy Updated,50131,0.817,True,Escalated,e523c077d66ccf3d26b9d223bc353cc4d0c7460b60ff6f0085b0957ec98f6cd8,Action Policy Updated with confidence 0.817.
20099,2025-04-27 17:03:53,AgentIC-Finance,Monitored,User Disabled,50558,0.962,False,Mitigated,fdebd8810df487015bef207a44d22066486cada11f1e61bd89fbba608b50eb2c,Action User Disabled with confidence 0.962.
20100,2025-02-01 17:03:53,AgentIC-2,Responded,User Disabled,50670,0.976,False,Success,248d09704e8e411f6f5d22e93dc51c9223bbf67fdc229693213b6786f8eecb91,Action User Disabled with confidence 0.976.
20101,2024-07-14 17:03:53,AgentIC-2,Monitored,Policy Updated,51095,0.705,False,Mitigated,cf7974d70813589b12a12b24ee41fbc12bb3fb6d4b1e5a8deb9ffb4ddcebd634,Action Policy Updated with confidence 0.705.
20102,2025-04-18 17:03:53,AgentIC-HR,Detected,User Disabled,51059,0.714,True,Mitigated,adf0e8318e83c19d62e993789e34200d0895aa139e53908065742ca1a82aa259,Action User Disabled with confidence 0.714.
20103,2024-11-06 17:03:53,AgentIC-1,Responded,Policy Updated,10062,0.811,True,Escalated,eb1177b92402928094c75118bae200ec21b8d52f0233b6a123f5c3f645ad8071,Action Policy Updated with confidence 0.811.
20104,2025-04-05 17:03:53,AgentIC-1,Monitored,Policy Updated,10069,0.703,True,Escalated,4466c8be6f0e03ce8c7616543dd3151eb82738c66fc9253ec3e54b4799ef0964,Action Policy Updated with confidence 0.703.
20105,2024-07-30 17:03:53,AgentIC-1,Detected,Firewall Rule Set,10207,0.743,True,Success,96705707586d37aa91913a83b04f19a06224706a21342c254869a903305f4ef7,Action Firewall Rule Set with confidence 0.743.
20106,2025-05-15 17:03:53,AgentIC-Finance,Responded,User Disabled,50410,0.926,False,Mitigated,0d670071e3f90ef73b301489dfe2f22ecfebcd74ebe58ab17ac759f652b8d5f2,Action User Disabled with confidence 0.926.
20107,2025-06-29 17:03:53,AgentIC-Finance,Detected,Firewall Rule Set,10148,0.99,True,Success,2bb8911962059eb607179b6e6038f3cb4c51818c640a8534d6c5536beb2511f6,Action Firewall Rule Set with confidence 0.99.
20108,2025-05-23 17:03:53,AgentIC-HR,Detected,User Disabled,50715,0.979,False,Mitigated,0659312e35d6b1ab8023cd2dfb01dd021d0040a5154ad42a9489b28546f8cf3f,Action User Disabled with confidence 0.979.
20109,2024-11-16 17:03:53,AgentIC-Finance,Monitored,Threat Mitigated,50090,0.785,False,Escalated,535303110d38955166da981a11f9d51057a67ae7f2f544f183325ba6f126054a,Action Threat Mitigated with confidence 0.785.
20110,2024-11-29 17:03:53,AgentIC-Finance,Responded,User Disabled,10132,0.867,False,Escalated,5d0460a44acf2f274f2687f0237ef108d8152c643c4bad310fc17d6d75306642,Action User Disabled with confidence 0.867.
20111,2024-09-07 17:03:53,AgentIC-HR,Responded,Isolated Endpoint,50433,0.965,False,Mitigated,6d0eff35c24080ae574a5f6a76ff3d2c991a431a8ebf201fdc94832810ac4ccf,Action Isolated Endpoint with confidence 0.965.
20112,2025-01-27 17:03:53,AgentIC-HR,Detected,User Disabled,51405,0.745,False,Escalated,f4f95536bc76ac409b2a9d0ab715ee71890e4fb783c5a982574aed588cb5dff0,Action User Disabled with confidence 0.745.
20113,2025-03-18 17:03:53,AgentIC-1,Responded,Policy Updated,10098,0.99,False,Success,0f8d1a9d267fb9096ab52af8d0cef9bedbf1b03bf3c56a1c8296bb66bb7449c2,Action Policy Updated with confidence 0.99.
20114,2025-02-08 17:03:53,AgentIC-2,Responded,Threat Mitigated,50063,0.703,False,Escalated,b8cc4843fdeefdf8633a050d706910667bc269cd341bc24d6be5530253da1337,Action Threat Mitigated with confidence 0.703.
20115,2024-09-24 17:03:53,AgentIC-HR,Responded,Firewall Rule Set,50403,0.939,True,Mitigated,d57a1a42b718a36e1d7ab05352a498f7ac76f1c72a6309ecf85dee9ee807842b,Action Firewall Rule Set with confidence 0.939.
20116,2025-03-23 17:03:53,AgentIC-Finance,Detected,Firewall Rule Set,10096,0.72,True,Escalated,416fdedb7c26b50e7801c2c5ccc51c470faaad3b37b61b65c3dc326165a2e5ac,Action Firewall Rule Set with confidence 0.72.
20117,2025-05-29 17:03:53,AgentIC-1,Responded,Policy Updated,50193,0.827,False,Escalated,67dd608cf9e72fcc96c8f87c8568ee6724dde835a1bdc649b82cfadbcbe163ef,Action Policy Updated with confidence 0.827.
20118,2025-02-18 17:03:53,AgentIC-1,Responded,User Disabled,50524,0.722,True,Escalated,04d4e32408fb12ca70fe6c8dd9887cc4f3a88e2b2192716308517df4bb3b756c,Action User Disabled with confidence 0.722.
20119,2024-12-22 17:03:53,AgentIC-Finance,Responded,Threat Mitigated,50116,0.99,False,Escalated,3c983d8e68d4152ba6db1ab1d6b2ce23ff8ed14e0eaf4904d189be44622140ee,Action Threat Mitigated with confidence 0.99.
20120,2025-01-11 17:03:53,AgentIC-2,Detected,Isolated Endpoint,10178,0.795,False,Success,372ce480183ed9ae72dd0038634989cb1afe9fbd9bf0eab46eb5dd4b52da8732,Action Isolated Endpoint with confidence 0.795.
20121,2025-04-27 17:03:53,AgentIC-1,Monitored,Threat Mitigated,51179,0.83,False,Mitigated,a87b785695e2dcbb01412ee5730d2ff43a990f53c80b9fbefdae1abd1482af77,Action Threat Mitigated with confidence 0.83.
20122,2025-01-31 17:03:53,AgentIC-2,Responded,Isolated Endpoint,10100,0.758,False,Escalated,03631b5012073afc1a3bc12ee9c466854bac17ecba9061fb75d9cddda41ecfb7,Action Isolated Endpoint with confidence 0.758.
20123,2025-05-14 17:03:53,AgentIC-HR,Responded,Threat Mitigated,10118,0.812,False,Success,7fd43ce635c494fd318a071123dc491870bd15fe443f94ae50b70280f5dba30e,Action Threat Mitigated with confidence 0.812.
20124,2024-10-11 17:03:53,AgentIC-2,Monitored,Policy Updated,10217,0.862,True,Success,c098ebcd76eb6b3b2779e729e71ee8b5fa45cdc8811cac4a3ff248f75caa96ad,Action Policy Updated with confidence 0.862.
20125,2025-06-01 17:03:53,AgentIC-1,Monitored,User Disabled,50053,0.829,True,Success,57aa8c72e18f7582b6bc49675c51c91b1509b6e4c28a4f22d7b4e77144ab3cbf,Action User Disabled with confidence 0.829.
20126,2024-10-13 17:03:53,AgentIC-2,Monitored,Threat Mitigated,10179,0.935,True,Success,566fbe9f2d2360ce23096fca7c91579ec6dde7557becc026c313978ad8e3624a,Action Threat Mitigated with confidence 0.935.
20127,2025-04-23 17:03:53,AgentIC-HR,Responded,Isolated Endpoint,10011,0.796,True,Mitigated,169ba23a34211797c97dd2ed5edda1a1c0531f0bc22e3aefd788934b2ed719fc,Action Isolated Endpoint with confidence 0.796.
20128,2025-02-28 17:03:53,AgentIC-HR,Monitored,Threat Mitigated,50383,0.749,False,Success,22b15b8ad69d6fa891e85a7b94b78393b28ab45eef0c198811dcf086dd9df63c,Action Threat Mitigated with confidence 0.749.
20129,2025-05-22 17:03:53,AgentIC-2,Detected,Threat Mitigated,10087,0.714,True,Escalated,1812502b296be8c96e5b09e9963ccc229d4e7adc76566492532872600d4af301,Action Threat Mitigated with confidence 0.714.
20130,2024-10-09 17:03:53,AgentIC-1,Monitored,Firewall Rule Set,10065,0.72,False,Success,c89383d1adf1f34c75f7341438b60c3803c4e19d178eccb378bcf2f04c523720,Action Firewall Rule Set with confidence 0.72.
20131,2024-11-01 17:03:53,AgentIC-2,Monitored,Isolated Endpoint,10076,0.987,False,Escalated,d22461bf0a6ab239e0e7f816308b0a3b22c26b118293f9f3062fc288a5dabb7c,Action Isolated Endpoint with confidence 0.987.
20132,2024-08-13 17:03:53,AgentIC-2,Monitored,Firewall Rule Set,51378,0.799,False,Success,2487d4b876a9c0dd55ee1b9ee2a80757e53dab2cb7f71ebbb90c6fb4a0b0b60b,Action Firewall Rule Set with confidence 0.799.
20133,2024-12-23 17:03:53,AgentIC-Finance,Monitored,Isolated Endpoint,10033,0.974,False,Mitigated,2b34b55e20b8ee52e79f61cd226abc913617d335cfe8512f2790748979a0326a,Action Isolated Endpoint with confidence 0.974.
20134,2025-02-16 17:03:53,AgentIC-1,Detected,Threat Mitigated,10057,0.701,False,Mitigated,e9c4c6dddbf426a58e3d4b61570ac1f825e83ac270d49a727cdf1b2ed2821fc2,Action Threat Mitigated with confidence 0.701.
20135,2024-11-10 17:03:53,AgentIC-2,Monitored,User Disabled,10048,0.973,False,Mitigated,ca655b9a896fd8e065d8ee2a3001f6ffdb410b0963f02490ffe42a0865662309,Action User Disabled with confidence 0.973.
20136,2025-03-04 17:03:53,AgentIC-HR,Detected,User Disabled,10020,0.986,False,Mitigated,5e8551d46f4a7906267cf40a3e466a65306afba9931681f902e75a2d31ca8e54,Action User Disabled with confidence 0.986.
20137,2025-03-09 17:03:53,AgentIC-1,Responded,Firewall Rule Set,51144,0.716,False,Success,5f41904b09b389d044686d78a24a77f79a3ce2b0fa0fc07e3a711ee2f0e26dec,Action Firewall Rule Set with confidence 0.716.
20138,2024-12-26 17:03:53,AgentIC-Finance,Detected,Threat Mitigated,10129,0.888,True,Escalated,02620047be375e7585cd78774c7a66c6e45fcc8c0b39a92d40fb85cc88b6d742,Action Threat Mitigated with confidence 0.888.
20139,2024-07-27 17:03:53,AgentIC-HR,Monitored,Isolated Endpoint,10187,0.968,False,Success,cd7dfb14b176154f10186d607557231b86769cfdf319911d96ba976086769ae9,Action Isolated Endpoint with confidence 0.968.
20140,2025-06-18 17:03:53,AgentIC-HR,Responded,Isolated Endpoint,50343,0.836,True,Mitigated,e0a9bf5945acf051b5394468c91f320f3aca9745665e1ddbcbea01c6d0918369,Action Isolated Endpoint with confidence 0.836.
20141,2025-04-25 17:03:53,AgentIC-1,Responded,User Disabled,10004,0.911,True,Escalated,fe7a4a1f0cb9fd6ec69bd0c2e7d4fbcfa87b61bc69c20e24c18cbb87fbae45e9,Action User Disabled with confidence 0.911.
20142,2025-06-12 17:03:53,AgentIC-Finance,Monitored,Policy Updated,50538,0.918,False,Escalated,8e08e5ce572da2f39bc72cc2cb8e69e8d17d807b8867377fb8669dfe34b573d9,Action Policy Updated with confidence 0.918.
20143,2025-02-22 17:03:53,AgentIC-Finance,Responded,Threat Mitigated,10125,0.731,True,Escalated,4f854d80c637e817e298349786b3b49786902a9d43a34a5bba61e4ac74a2ab7b,Action Threat Mitigated with confidence 0.731.
20144,2025-06-30 17:03:53,AgentIC-HR,Monitored,Threat Mitigated,51110,0.952,False,Success,84c1ddfe4f36ddfc555517b28f5b6c59cf6604a549e84ec1016f93c009e5690a,Action Threat Mitigated with confidence 0.952.
20145,2024-11-16 17:03:53,AgentIC-HR,Detected,Threat Mitigated,51271,0.943,True,Mitigated,e66e3cf7ac6a08ed1447c451a5d31c1f2a826d6faea8dc23d76ff2c68587f7d9,Action Threat Mitigated with confidence 0.943.
20146,2025-05-09 17:03:53,AgentIC-2,Detected,Policy Updated,50894,0.765,True,Escalated,863acf4d89875a73b00f4951540477c6cbe6df70672815d81d3d793b25252087,Action Policy Updated with confidence 0.765.
20147,2024-10-29 17:03:53,AgentIC-Finance,Responded,Firewall Rule Set,10034,0.915,False,Escalated,610d549d89f2a137810eeaae446cb7569b46199fbe8a01282bfec5bc55a8a5d2,Action Firewall Rule Set with confidence 0.915.
20148,2025-04-07 17:03:53,AgentIC-1,Monitored,Firewall Rule Set,51262,0.868,False,Success,ca32226e6357fbda1d97e78609c2f5a6e5f916d506811d7caea6cc59b0105ca1,Action Firewall Rule Set with confidence 0.868.
20149,2024-11-13 17:03:53,AgentIC-1,Detected,Firewall Rule Set,51403,0.831,False,Success,4579d7d9b36a07e616dfd662996b03ed2e158be170cb6f593111edbde08e1b3a,Action Firewall Rule Set with confidence 0.831.
20150,2024-09-16 17:03:53,AgentIC-2,Monitored,Threat Mitigated,50623,0.79,False,Success,4ec9e9124a6d249b293f69ba8f252bbc59fa82491882f94c90c531eb8481ee45,Action Threat Mitigated with confidence 0.79.
20151,2024-12-29 17:03:53,AgentIC-HR,Monitored,Policy Updated,51033,0.719,False,Escalated,06642225276e380c0e52c2845626d967586bc4452625f6c12b68a32c08b6700c,Action Policy Updated with confidence 0.719.
20152,2025-04-03 17:03:53,AgentIC-2,Detected,User Disabled,51077,0.717,False,Escalated,157bfcbeb9ae3b49a5320b8c3be77415174bb2d058852c6f4cc4eaa465181553,Action User Disabled with confidence 0.717.
20153,2024-12-03 17:03:53,AgentIC-1,Responded,Threat Mitigated,10013,0.995,True,Escalated,de2c395444793b29f6b64f3b2374fd0155c628fa55b5cf268c7a97ecebfdd308,Action Threat Mitigated with confidence 0.995.
20154,2024-11-15 17:03:53,AgentIC-Finance,Responded,Isolated Endpoint,51178,0.817,False,Mitigated,478a877560f069b60f63c09b8d74fd520e031f65b4fce18d041eedd7b4858315,Action Isolated Endpoint with confidence 0.817.
20155,2025-03-28 17:03:53,AgentIC-HR,Monitored,Policy Updated,50552,0.758,False,Escalated,d58729ff78d46db5b087ed558fe57b7f634ee745281e14558c5d9c9e06634ee4,Action Policy Updated with confidence 0.758.
20156,2024-11-08 17:03:53,AgentIC-1,Monitored,Policy Updated,50413,0.94,True,Escalated,da28b32f91482edf25ffc5c41055809d7a740dc7b6a95374140b1eae6e110186,Action Policy Updated with confidence 0.94.
20157,2024-08-07 17:03:53,AgentIC-2,Responded,Firewall Rule Set,10099,0.702,False,Mitigated,13b547e09620de65aae615430a049f5b5e97b948d1d9cd0d78815d4b4702f5f2,Action Firewall Rule Set with confidence 0.702.
20158,2025-01-06 17:03:53,AgentIC-Finance,Monitored,Policy Updated,51038,0.984,False,Mitigated,d51af363cbef68bc63260a1e49946c3fc48f68d70a2f39cc4f95c97e0c58300f,Action Policy Updated with confidence 0.984.
20159,2025-06-13 17:03:53,AgentIC-HR,Responded,Isolated Endpoint,50735,0.805,True,Mitigated,94b7928cdaf23488f07ce7b537136667d8ec3212eed1a14283845d91f1daa95c,Action Isolated Endpoint with confidence 0.805.
20160,2025-03-05 17:03:53,AgentIC-HR,Responded,Firewall Rule Set,50108,0.857,False,Escalated,6b50e63424f0ce6ff644463dd049ac6d98ea60b8b3262b6d9491d6fa1391fafe,Action Firewall Rule Set with confidence 0.857.
20161,2025-02-05 17:03:53,AgentIC-2,Responded,Firewall Rule Set,50147,0.814,False,Mitigated,ac7b489e32347a3e0c48eb4fca4644d726f0396f29907b474833c22744796511,Action Firewall Rule Set with confidence 0.814.
20162,2024-08-31 17:03:53,AgentIC-2,Detected,Isolated Endpoint,10078,0.93,False,Escalated,694723840fcb6db3d97b1d75acc2d1f4bc0592a8896ca693cc3c522ca48c74f0,Action Isolated Endpoint with confidence 0.93.
20163,2025-03-06 17:03:53,AgentIC-Finance,Detected,User Disabled,10206,0.858,False,Mitigated,950a52b1696ba2be5cd21610af62acf92bc68938c9f7841479ec39798b0ccc8e,Action User Disabled with confidence 0.858.
20164,2024-07-16 17:03:53,AgentIC-2,Responded,Policy Updated,50131,0.706,True,Mitigated,e3ed1c9db77fea5b8df4061b649ab7077fcb329e73dcb19d6246c83e039f3e11,Action Policy Updated with confidence 0.706.
20165,2024-10-15 17:03:53,AgentIC-1,Monitored,Isolated Endpoint,10208,0.974,False,Escalated,5f7390bc840737805f004ef6f05b6146b53fd99fb564f2ed853d83393e216fd6,Action Isolated Endpoint with confidence 0.974.
20166,2025-02-03 17:03:53,AgentIC-1,Detected,Firewall Rule Set,51421,0.919,False,Escalated,ce17605c0c2f48ae63d5b3907b5b7ebf8e21b5797b4109e49742a4c3f209c109,Action Firewall Rule Set with confidence 0.919.
20167,2025-04-07 17:03:53,AgentIC-2,Detected,Threat Mitigated,10199,0.764,False,Escalated,b5cefcba3b470f84cd6dbd66a187b4e443883efa0dfe52ec3411bd86772e2a56,Action Threat Mitigated with confidence 0.764.
20168,2024-07-14 17:03:53,AgentIC-HR,Monitored,Firewall Rule Set,51244,0.878,False,Mitigated,f2cf96beb2ab447ae600a9b411e5dbe158a30bb7640a3888498dfe8fb0a14fa8,Action Firewall Rule Set with confidence 0.878.
20169,2024-09-15 17:03:53,AgentIC-Finance,Responded,User Disabled,10143,0.763,False,Escalated,e938090316537a46496bfdfe2eb9aa95ef99b50a16fead47e55cc7da6f82ca85,Action User Disabled with confidence 0.763.
20170,2024-11-23 17:03:53,AgentIC-1,Responded,Isolated Endpoint,10011,0.806,False,Escalated,defd1fb432577a8bd5712c92f9c4153d9e521009fd5adbcdc49183d89a0e66dc,Action Isolated Endpoint with confidence 0.806.
20171,2025-03-16 17:03:53,AgentIC-Finance,Monitored,Firewall Rule Set,50660,0.891,True,Escalated,09c20b4619bfd787bfd1bea7322945f34642082a4a61dfac54508881ec15fee6,Action Firewall Rule Set with confidence 0.891.
20172,2024-11-13 17:03:53,AgentIC-1,Responded,Threat Mitigated,10213,0.742,False,Success,f0a2262735fcab47adb80b1e7e5374c4fb2519f00d0e8a0da8719207caea0e25,Action Threat Mitigated with confidence 0.742.
20173,2024-10-02 17:03:53,AgentIC-Finance,Responded,User Disabled,10167,0.99,False,Escalated,5a9ea14363534d65ce0883c787acebc3007b9c4fbce240ddbf17e1ce0519fe01,Action User Disabled with confidence 0.99.
20174,2025-05-11 17:03:53,AgentIC-2,Responded,Threat Mitigated,10072,0.84,False,Success,24050ea5697568a6fe7a24711060a432291bb2659d1640e1759c200f0d5a0d82,Action Threat Mitigated with confidence 0.84.
20175,2024-07-28 17:03:53,AgentIC-2,Detected,Threat Mitigated,50902,0.841,False,Mitigated,3d36b39c19eeeaacfc0e9303a0f38088a5ce2ef7a4bbac3a5bbf67749742fcfe,Action Threat Mitigated with confidence 0.841.
20176,2025-02-28 17:03:53,AgentIC-Finance,Monitored,Isolated Endpoint,51345,0.72,False,Escalated,940ae2088f721ff5b6d0531cdcef9a6c8ae2e24b4f8ef7e5ae0172585166cae5,Action Isolated Endpoint with confidence 0.72.
20177,2024-11-21 17:03:53,AgentIC-2,Detected,Firewall Rule Set,10129,0.951,False,Escalated,108b336096d4ac980f3bc2d9133400bf922ebfb3f1c3b8a833db0f059da6a0bb,Action Firewall Rule Set with confidence 0.951.
20178,2025-03-31 17:03:53,AgentIC-HR,Monitored,Threat Mitigated,10207,0.871,True,Success,fca7b9bae310a1cfe638335a9b0ff8cf10874f9cf8fcde2571be27cb80566012,Action Threat Mitigated with confidence 0.871.
20179,2025-06-04 17:03:53,AgentIC-2,Detected,Policy Updated,51317,0.916,False,Escalated,fa3bfe0c49079f8ffbf3c2c75b1b5a3ccc89d5e1a10980fb613d2f61265c3cf0,Action Policy Updated with confidence 0.916.
20180,2025-05-22 17:03:53,AgentIC-Finance,Detected,Policy Updated,50985,0.977,True,Success,abfff9e70fcbdc9f859842c78fbea9082e9c405d56cd37442ddf40d49b2fdba4,Action Policy Updated with confidence 0.977.
20181,2025-02-20 17:03:53,AgentIC-2,Monitored,Firewall Rule Set,10099,0.952,True,Escalated,8b86fb4cc3273c353c13c23b70b84a01a2952efd3f90c608abf2a44e8f1b052d,Action Firewall Rule Set with confidence 0.952.
20182,2025-06-01 17:03:53,AgentIC-1,Responded,Firewall Rule Set,10208,0.84,False,Success,ba601e3e7f8c5db2b44e03bfe4c3dcc6911bdf17b3b401577f461fe354df0ec9,Action Firewall Rule Set with confidence 0.84.
20183,2024-12-05 17:03:53,AgentIC-2,Responded,Isolated Endpoint,50697,0.824,False,Escalated,ce0d3df08bace981baa303b442b86da375e1fe8f13952a101e4aa8f870d00d7d,Action Isolated Endpoint with confidence 0.824.
20184,2024-07-19 17:03:53,AgentIC-HR,Detected,User Disabled,10035,0.766,False,Success,2127bd58e80928a7b4006f0819ea8f5529dff57b0568672ddc9424ecb40f58dc,Action User Disabled with confidence 0.766.
20185,2025-02-23 17:03:53,AgentIC-1,Detected,User Disabled,10059,0.711,False,Mitigated,3f9406ce64dea5df3a0e59dabae4f9ebfdc46938e75119e5be0ee6d88eaac60b,Action User Disabled with confidence 0.711.
20186,2024-11-24 17:03:53,AgentIC-HR,Detected,Threat Mitigated,50955,0.874,False,Mitigated,53f604df9f8ca25fbe20b2a56f0c5cc6c0a59ee6b6abaa25d1d37dcabd5829c8,Action Threat Mitigated with confidence 0.874.
20187,2024-08-13 17:03:53,AgentIC-HR,Responded,Policy Updated,10081,0.877,True,Escalated,c5ce0501caab915a9c9f23cfcf9de5e803b3641c1e68904b35f927a457bbe8b2,Action Policy Updated with confidence 0.877.
20188,2025-04-10 17:03:53,AgentIC-1,Responded,User Disabled,10119,0.805,True,Mitigated,828e09fe92b119cfd63bbc429bfdf223da908a12a448da4ddd39408154236b9e,Action User Disabled with confidence 0.805.
20189,2025-03-17 17:03:53,AgentIC-1,Monitored,Threat Mitigated,50757,0.75,False,Success,e7074eae94209f95c8e667654f9162fcf13dcc190488d3acd6d3d03b48907d0e,Action Threat Mitigated with confidence 0.75.
20190,2025-03-23 17:03:53,AgentIC-Finance,Monitored,Threat Mitigated,10114,0.857,True,Success,840dc0309334e875543eb48e1ab1238362e9df858d6651329e75ac71f490f183,Action Threat Mitigated with confidence 0.857.
20191,2025-06-23 17:03:53,AgentIC-HR,Responded,Firewall Rule Set,50488,0.904,True,Success,48e7f8e08f36665dfff388f68af30f014658031445490972c3023812a9cfe042,Action Firewall Rule Set with confidence 0.904.
20192,2025-05-27 17:03:53,AgentIC-1,Monitored,Isolated Endpoint,10189,0.746,False,Escalated,afe9210dc4b5d946e25c2a18ed4815771b5882c3767509158ff5d22a58c8b4bf,Action Isolated Endpoint with confidence 0.746.
20193,2025-04-10 17:03:53,AgentIC-HR,Monitored,Firewall Rule Set,10131,0.894,False,Success,1d96731e403ad1dda9e94148f40ec4a75d5042ad2aeb99ae24ad48185aca75e9,Action Firewall Rule Set with confidence 0.894.
20194,2025-01-29 17:03:53,AgentIC-HR,Monitored,Threat Mitigated,10010,0.836,True,Success,6606a61d89452c4bd6094cc10b1e157e894f0299ec4168328f29d799c973e377,Action Threat Mitigated with confidence 0.836.
20195,2025-03-11 17:03:53,AgentIC-2,Monitored,Threat Mitigated,10037,0.767,False,Escalated,ab5fcac537b5570cd7450f56286bb59709c8f229f42eb977b9beca3ed1ddc943,Action Threat Mitigated with confidence 0.767.
20196,2025-06-12 17:03:53,AgentIC-HR,Monitored,Isolated Endpoint,10156,0.773,False,Success,8e41966db21dfd5654537e5d47448f743bf43182c8239c3a468799da331dbaa1,Action Isolated Endpoint with confidence 0.773.
20197,2025-02-08 17:03:53,AgentIC-HR,Responded,Policy Updated,51258,0.958,False,Success,3be0ce23c4ea438311ccf9ed6b1071db6eca3baac2611727b2ae9495aefef8b4,Action Policy Updated with confidence 0.958.
20198,2024-10-13 17:03:53,AgentIC-Finance,Responded,Policy Updated,50998,0.771,True,Success,0c645765cc55a9cd861486038e889a09ddb22d8a9d43602f91b0a271437a45bd,Action Policy Updated with confidence 0.771.
20199,2025-06-09 17:03:53,AgentIC-2,Detected,Isolated Endpoint,10085,0.904,False,Mitigated,5133ba526d77f51bf644e656f7621eda6458c688ff62f6227d58b5f38e55cec9,Action Isolated Endpoint with confidence 0.904.
20200,2025-06-19 17:03:53,AgentIC-1,Responded,User Disabled,50192,0.885,False,Escalated,b8ae23ff6392a4322ef14ae630f9f40e9cb9494adcc66261277c54dae6948bf6,Action User Disabled with confidence 0.885.
20201,2024-10-29 17:03:53,AgentIC-Finance,Monitored,Isolated Endpoint,50092,0.81,False,Escalated,70bdd75fa808fae6f70243ebd6ae15087d4304e5203989fcb419ae1303e12b27,Action Isolated Endpoint with confidence 0.81.
20202,2024-10-23 17:03:53,AgentIC-1,Detected,Isolated Endpoint,50632,0.984,False,Escalated,1ff618fe905247c1482d07e7cd8d7769b0eec4ec96d8e36fa6cd184554841522,Action Isolated Endpoint with confidence 0.984.
20203,2024-08-29 17:03:53,AgentIC-2,Detected,Isolated Endpoint,50407,0.86,False,Success,71f7d17558afb7371e3f9252ef05535ec5f97dc4a3209cfdf1365d2817dced27,Action Isolated Endpoint with confidence 0.86.
20204,2024-12-21 17:03:53,AgentIC-HR,Monitored,Threat Mitigated,50077,0.963,False,Escalated,f11fb7417324520f175d839212e9e57302d58d84b5d3f464e5d91be70eaffcb4,Action Threat Mitigated with confidence 0.963.
20205,2025-02-21 17:03:53,AgentIC-1,Detected,User Disabled,50620,0.807,False,Mitigated,86b2263280bb76da0582679315103d45f6cbb53f0fb3e5a6464e160f9c595f73,Action User Disabled with confidence 0.807.
20206,2024-11-19 17:03:53,AgentIC-HR,Responded,Threat Mitigated,10208,0.974,True,Mitigated,a35d9fe86d0720628190c5806e285a9c9ed78ed3b0d6e5310b42657684433de4,Action Threat Mitigated with confidence 0.974.
20207,2025-02-11 17:03:53,AgentIC-Finance,Detected,Firewall Rule Set,10111,0.883,False,Success,26ae3160c0adce374f8ce46e1da746db7d79a62d180445fc1ea039e0b7b11ff6,Action Firewall Rule Set with confidence 0.883.
20208,2025-03-20 17:03:53,AgentIC-2,Detected,Isolated Endpoint,51021,0.835,True,Escalated,29afdb71cd3f9850863f53d43d20a5d58e21bb804e9ab82709180fe1f3b72219,Action Isolated Endpoint with confidence 0.835.
20209,2025-07-03 17:03:53,AgentIC-2,Monitored,Policy Updated,50214,0.988,False,Success,c373bc4199b1787fea7efec9e7f33b1e7040d3610cc1862a3c54cba9cd5c5078,Action Policy Updated with confidence 0.988.
20210,2024-07-27 17:03:53,AgentIC-2,Monitored,Firewall Rule Set,51146,0.976,False,Mitigated,70b550ca477b6ea55cd3b7a153af271977039b930b3e59f72389bda4a61897f6,Action Firewall Rule Set with confidence 0.976.
20211,2025-06-01 17:03:53,AgentIC-2,Detected,User Disabled,10045,0.812,False,Mitigated,856dd028a3f3494edced035b09281b4e1f698fc9cedfbd415ab4b2ba77b200da,Action User Disabled with confidence 0.812.
20212,2024-08-12 17:03:53,AgentIC-Finance,Monitored,Isolated Endpoint,50507,0.938,True,Mitigated,d3c2e78493080e5f3317986dc01bb51d7eb9ddc174fc5ac9eb3579ea99c52bb4,Action Isolated Endpoint with confidence 0.938.
20213,2024-10-22 17:03:53,AgentIC-Finance,Responded,Policy Updated,50965,0.816,False,Success,9c3a5b8f1fbb7f17ef93a68d88317971b17f89ce4483408ab0ea92d265738fe6,Action Policy Updated with confidence 0.816.
20214,2024-12-31 17:03:53,AgentIC-Finance,Monitored,Isolated Endpoint,50169,0.78,False,Success,13ac8de554bbaecff1b480e4b9f6f2fcc776e1afa2d5bfc9f7683c73417495ac,Action Isolated Endpoint with confidence 0.78.
20215,2025-02-10 17:03:53,AgentIC-1,Responded,Firewall Rule Set,10087,0.968,True,Escalated,8c4275cae314c9be108755f89e6d6131bf458bc8c8d171434dc410991194d39f,Action Firewall Rule Set with confidence 0.968.
20216,2025-06-13 17:03:53,AgentIC-1,Responded,Threat Mitigated,50148,0.966,True,Success,fa0ef9a771420e15f5dabe70bf30f34156ec62080f62a0900149cde40a1c034b,Action Threat Mitigated with confidence 0.966.
20217,2024-12-08 17:03:53,AgentIC-Finance,Monitored,Policy Updated,10099,0.911,False,Escalated,710694449097e693e449a17391611c63c23c94972873535f009f1737e1788ba4,Action Policy Updated with confidence 0.911.
20218,2024-10-20 17:03:53,AgentIC-HR,Responded,Isolated Endpoint,10007,0.86,False,Escalated,0d925f681d0fabda0f766bfacad9d88ffba72cc28759771bc9cd613eb81cd1fc,Action Isolated Endpoint with confidence 0.86.
20219,2025-05-30 17:03:53,AgentIC-2,Detected,Firewall Rule Set,50311,0.988,False,Mitigated,b809c2e3ba9897424f807c4968e5693293e5eedb6900e22826d8db1539d236eb,Action Firewall Rule Set with confidence 0.988.
20220,2024-07-23 17:03:53,AgentIC-HR,Monitored,User Disabled,10030,0.824,False,Mitigated,b9d68b927cfd18d3f2a46ef583e807e56ba5f3f64b7d0613724b53bfc64c7b57,Action User Disabled with confidence 0.824.
20221,2024-09-09 17:03:53,AgentIC-HR,Responded,Policy Updated,10112,0.742,False,Escalated,26c50d1084c45f5277dcdf41f33541411d20bdaecf1049b15ddf3d1feae2b1d7,Action Policy Updated with confidence 0.742.
20222,2025-01-25 17:03:53,AgentIC-2,Responded,User Disabled,10208,0.937,True,Success,6d05a0e262fae30f375b561ced09cee1a0b3216aa2c3fb3331483c49eb9a021e,Action User Disabled with confidence 0.937.
20223,2025-06-21 17:03:53,AgentIC-2,Responded,Threat Mitigated,10151,0.722,True,Escalated,38bfe8d6b50b2419f0cf2d06335bc2d3ec4d4a14dba0344b33579cf597c1f06b,Action Threat Mitigated with confidence 0.722.
20224,2025-02-17 17:03:53,AgentIC-HR,Monitored,User Disabled,51000,0.885,True,Success,90261379fbc75b1c28decf08813ab1c9f14424561df6dac0b85c2f2b97625a5c,Action User Disabled with confidence 0.885.
20225,2025-03-07 17:03:53,AgentIC-HR,Monitored,Firewall Rule Set,50307,0.783,False,Success,c80e7be44e33d439ce5dad6e563ac1150885b240535f5221a00407be6665d68a,Action Firewall Rule Set with confidence 0.783.
20226,2024-11-25 17:03:53,AgentIC-Finance,Detected,Threat Mitigated,10043,0.932,False,Success,c436512a56eaf9d2b90b3fe6eb0f010987097a04776bced1731ef584ada9329a,Action Threat Mitigated with confidence 0.932.
20227,2025-02-27 17:03:53,AgentIC-Finance,Responded,Isolated Endpoint,10112,0.96,False,Success,32564ea7d9072c1b1061587b022ab92caccef92dfcf716f6770552124f12b8fd,Action Isolated Endpoint with confidence 0.96.
20228,2024-09-02 17:03:53,AgentIC-HR,Detected,Policy Updated,50263,0.765,False,Escalated,53d1c138c380f2cee5dfd0be82b8a53893b81dfdcb97fb5a85f1ae2e8c6f5f95,Action Policy Updated with confidence 0.765.
20229,2025-01-06 17:03:53,AgentIC-HR,Monitored,Isolated Endpoint,10092,0.891,False,Escalated,f8b35a6c74eafc4f106c8b4556fdb6d747218866eec951581e79acd3f021f1df,Action Isolated Endpoint with confidence 0.891.
20230,2025-02-17 17:03:53,AgentIC-HR,Responded,Firewall Rule Set,10077,0.708,False,Mitigated,55b0505008c7c69575925e77f6c7100aa833373f4580b229ce8d0dbff7ff7acd,Action Firewall Rule Set with confidence 0.708.
20231,2024-07-09 17:03:53,AgentIC-2,Monitored,Isolated Endpoint,10088,0.949,False,Mitigated,78417c587d42d4489090896adeca03f7d50ae7e7c315078ff9bab1fca94d375f,Action Isolated Endpoint with confidence 0.949.
20232,2025-06-22 17:03:53,AgentIC-Finance,Monitored,Policy Updated,10124,0.86,False,Success,0e7539d4998104899996be820fd6b28dbc7f43d9d10e79b82850d92ed6c6fd89,Action Policy Updated with confidence 0.86.
20233,2025-04-27 17:03:53,AgentIC-1,Responded,Policy Updated,10194,0.72,False,Mitigated,ee855ce7579bd80b956f03c73241487b9c16a43840decd5dc8d8a06d51d3c4c5,Action Policy Updated with confidence 0.72.
20234,2025-01-17 17:03:53,AgentIC-1,Responded,Policy Updated,10075,0.744,True,Success,00cee30ec284274e9e13e3c2e852a963e04cbb8f5e99123c6fb57470c9799f61,Action Policy Updated with confidence 0.744.
20235,2024-11-18 17:03:53,AgentIC-HR,Monitored,Threat Mitigated,51208,0.764,True,Escalated,157b400988e896bdc341d2d3228bef453383cfc2c94b04b7cf6d2c409939629a,Action Threat Mitigated with confidence 0.764.
20236,2024-07-12 17:03:53,AgentIC-Finance,Detected,Threat Mitigated,10083,0.832,False,Mitigated,42b26e55fc3825c92ff1a9d727467592cbed59ad0b0e4384bb0c8c3a5fcafde6,Action Threat Mitigated with confidence 0.832.
20237,2025-02-10 17:03:53,AgentIC-1,Monitored,User Disabled,51431,0.85,True,Success,32d261dcb451b1fdd25602737941ac30951da252d8bf5186bc54d7d74ef5e8fc,Action User Disabled with confidence 0.85.
20238,2025-06-29 17:03:53,AgentIC-HR,Detected,Firewall Rule Set,10080,0.797,True,Mitigated,0861680a70df7c35542baa90d9abc8a4abc4e54716b2f3cbb52860586c94ed5d,Action Firewall Rule Set with confidence 0.797.
20239,2024-11-02 17:03:53,AgentIC-HR,Responded,Threat Mitigated,10106,0.983,True,Mitigated,19f1dee257c31b8d0b7e034aaf10de3bfccc20c65e8fba4559fd8d819f61898e,Action Threat Mitigated with confidence 0.983.
20240,2025-04-14 17:03:53,AgentIC-1,Monitored,Policy Updated,50093,0.889,False,Mitigated,a698ce18162d451c1914fd7d96b32b15e1584eb4c05ed5c5562acda3e3ec0c45,Action Policy Updated with confidence 0.889.
20241,2024-12-09 17:03:53,AgentIC-2,Responded,Policy Updated,50109,0.892,False,Success,01613720fbffe29c9e35a98f175b1e21ca58373091e99f16a6d2222f6fe3ba11,Action Policy Updated with confidence 0.892.
20242,2024-09-19 17:03:53,AgentIC-HR,Monitored,User Disabled,50148,0.982,True,Escalated,70f8e31c95c1a588c2e9312e3b68a0e6c30c8082e4924660cd1a627cd13867d1,Action User Disabled with confidence 0.982.
20243,2024-10-16 17:03:53,AgentIC-1,Responded,Firewall Rule Set,10014,0.716,False,Mitigated,2eef6aa11bae0163c97b15635d9f890da109d28895db0aa583f9a677819dbe6e,Action Firewall Rule Set with confidence 0.716.
20244,2024-12-26 17:03:53,AgentIC-Finance,Monitored,Firewall Rule Set,10173,0.75,False,Success,dccaadf8495895b7c2aff9f3f7ff8289909a94ca62584a062b39a6bf4be50d88,Action Firewall Rule Set with confidence 0.75.
20245,2024-08-26 17:03:53,AgentIC-Finance,Detected,Firewall Rule Set,50838,0.711,False,Success,46c972837bf09e927b8491c922fe91609be6ecc72c53b23767c83d49b47f3964,Action Firewall Rule Set with confidence 0.711.
20246,2024-11-16 17:03:53,AgentIC-Finance,Monitored,Threat Mitigated,10145,0.729,False,Mitigated,680898492aa5f87729c4d07af99df80918f834773550b80ff3a1231a76711bc2,Action Threat Mitigated with confidence 0.729.
20247,2024-11-12 17:03:53,AgentIC-2,Monitored,Threat Mitigated,10037,0.955,False,Success,a57bc9e07d883208b5df23d2018c35ce91726acbc5ac0f07e2c74a55b298ef61,Action Threat Mitigated with confidence 0.955.
20248,2024-07-24 17:03:53,AgentIC-Finance,Detected,Threat Mitigated,10034,0.714,False,Success,bc8f2814b93c405eb296aa89a43936515b83ed05d8c6e55d51357d1d6d076a35,Action Threat Mitigated with confidence 0.714.
20249,2025-06-08 17:03:53,AgentIC-1,Detected,Threat Mitigated,10194,0.734,True,Mitigated,d15347944be9741c29bcff6c990ab2ec55e71aab276ca9d1c927de3cd3301690,Action Threat Mitigated with confidence 0.734.
20250,2025-04-07 17:03:53,AgentIC-Finance,Detected,User Disabled,10148,0.768,True,Mitigated,c9a7d3a2f9d722fe8c5eb4095393a24b9d934a2ea8ca1a2b977091fcf0e43644,Action User Disabled with confidence 0.768.
20251,2024-10-08 17:03:53,AgentIC-HR,Detected,User Disabled,50499,0.8,False,Escalated,b67c3c63e41ecc74fecabb74f4b4c118b266a493bc487ce09b31d854da7c7155,Action User Disabled with confidence 0.8.
20252,2024-11-30 17:03:53,AgentIC-Finance,Detected,User Disabled,50381,0.789,False,Escalated,a01bf63108d7e766c001fc0b8eceb4dfe840a7a37cee7e7d7520adcce9d2b6b3,Action User Disabled with confidence 0.789.
20253,2025-02-19 17:03:53,AgentIC-HR,Detected,User Disabled,51196,0.828,False,Success,578f73edc49ce53f8f957197453cf8a85992debdcdca6b89143ae8ea03aab9b2,Action User Disabled with confidence 0.828.
20254,2024-08-04 17:03:53,AgentIC-Finance,Detected,Policy Updated,50930,0.887,True,Mitigated,ae8cd8d243bc47c539b1d61d4388a5bf4f8e99f7826e39f1aaf735066bf4c52c,Action Policy Updated with confidence 0.887.
20255,2025-06-11 17:03:53,AgentIC-Finance,Detected,Threat Mitigated,50476,0.821,True,Mitigated,a9938f2d73ef6dd0412a9498173863be6d5c1e100a945f5a1699cf87bda6bdad,Action Threat Mitigated with confidence 0.821.
20256,2025-06-25 17:03:53,AgentIC-2,Responded,Policy Updated,10095,0.78,False,Success,a4f5edeacb8bd41ddcd8b6adff9e492585165b5295645fba520274c63ecab1b3,Action Policy Updated with confidence 0.78.
20257,2025-01-13 17:03:53,AgentIC-2,Monitored,Threat Mitigated,51269,0.825,True,Mitigated,86fd2a824d17b9bd3255e2fd6836e8493cc168b4a25ffb93e2276c9e13a226c4,Action Threat Mitigated with confidence 0.825.
20258,2025-03-07 17:03:53,AgentIC-Finance,Detected,User Disabled,51192,0.748,False,Mitigated,4f1bf15f31fcd28539fee03ed57beea9dc644aa04d210d67b84e80e6416f99e7,Action User Disabled with confidence 0.748.
20259,2025-01-25 17:03:53,AgentIC-HR,Monitored,Isolated Endpoint,50478,0.762,False,Escalated,fb2ea57e8f1238608363d483ef915a3760662fbb3125d41ea35221f6651e0f55,Action Isolated Endpoint with confidence 0.762.
20260,2025-06-25 17:03:53,AgentIC-HR,Detected,Threat Mitigated,10142,0.746,True,Escalated,941ea0cd0d1b492c6de8d5a0c622edf3d13dbc90d062d685add6098855c234db,Action Threat Mitigated with confidence 0.746.
20261,2025-01-22 17:03:53,AgentIC-HR,Monitored,User Disabled,50212,0.842,True,Escalated,c5373a6d668d3ef2386293e60b848c83c440f58f864d75042cccc7d7e6199b11,Action User Disabled with confidence 0.842.
20262,2025-02-27 17:03:53,AgentIC-HR,Detected,Threat Mitigated,50664,0.764,False,Mitigated,e3364ce7a2d258c97ac7016074db80cd4dfe49b9e54999240f6f8321391a993d,Action Threat Mitigated with confidence 0.764.
20263,2025-02-03 17:03:53,AgentIC-Finance,Monitored,Policy Updated,10064,0.823,True,Mitigated,a5b0b33eac19aedce536b3f2c1ab1d2d5e1dadfab0f80406cb5ecb0b0fd48a09,Action Policy Updated with confidence 0.823.
20264,2025-04-09 17:03:53,AgentIC-2,Responded,Threat Mitigated,10121,0.884,False,Escalated,6da6d1dfa781f3085b555ed29ed3be2ef012c556d4348ab7ee07be5130febc64,Action Threat Mitigated with confidence 0.884.
